order_book_id,date,close,volume
000852.XSHG,2014-01-02,4539.5,4688804803.0
000852.XSHG,2014-01-03,4531.747,5429771415.0
000852.XSHG,2014-01-06,4411.27,5557321321.0
000852.XSHG,2014-01-07,4458.557,4458494186.0
000852.XSHG,2014-01-08,4504.673,5313907708.0
000852.XSHG,2014-01-09,4431.8,5362177292.0
000852.XSHG,2014-01-10,4354.844,4621283223.0
000852.XSHG,2014-01-13,4346.713,4021470023.0
000852.XSHG,2014-01-14,4447.699,4516367159.0
000852.XSHG,2014-01-15,4494.095,4817364349.0
000852.XSHG,2014-01-16,4485.269,4898427000.0
000852.XSHG,2014-01-17,4445.2,4282988020.0
000852.XSHG,2014-01-20,4415.096,4239400592.0
000852.XSHG,2014-01-21,4486.869,4613309688.0
000852.XSHG,2014-01-22,4584.079,6221644642.0
000852.XSHG,2014-01-23,4627.341,6060453663.0
000852.XSHG,2014-01-24,4695.287,6632720237.0
000852.XSHG,2014-01-27,4682.053,6059270005.0
000852.XSHG,2014-01-28,4667.734,5026188351.0
000852.XSHG,2014-01-29,4730.86,5028770936.0
000852.XSHG,2014-01-30,4714.679,4358671067.0
000852.XSHG,2014-02-07,4818.246,5219943797.0
000852.XSHG,2014-02-10,4943.378,8306890014.0
000852.XSHG,2014-02-11,4941.808,8503882592.0
000852.XSHG,2014-02-12,5005.026,8254708647.0
000852.XSHG,2014-02-13,4901.679,8871621550.0
000852.XSHG,2014-02-14,5000.59,7350434193.0
000852.XSHG,2014-02-17,5117.394,8964748858.0
000852.XSHG,2014-02-18,5120.243,9130463594.0
000852.XSHG,2014-02-19,5120.136,9064079616.0
000852.XSHG,2014-02-20,5035.168,8574601683.0
000852.XSHG,2014-02-21,5030.78,6826167777.0
000852.XSHG,2014-02-24,5064.488,6989426182.0
000852.XSHG,2014-02-25,4849.372,9382383529.0
000852.XSHG,2014-02-26,4881.727,6879105530.0
000852.XSHG,2014-02-27,4795.551,7755670795.0
000852.XSHG,2014-02-28,4842.524,6441663969.0
000852.XSHG,2014-03-03,4954.174,6990564109.0
000852.XSHG,2014-03-04,4961.944,6836464233.0
000852.XSHG,2014-03-05,4963.662,6519867131.0
000852.XSHG,2014-03-06,4962.395,6469729973.0
000852.XSHG,2014-03-07,4949.835,6388920380.0
000852.XSHG,2014-03-10,4760.672,6624994204.0
000852.XSHG,2014-03-11,4746.733,5430654415.0
000852.XSHG,2014-03-12,4726.863,5358672140.0
000852.XSHG,2014-03-13,4794.004,4801262014.0
000852.XSHG,2014-03-14,4785.044,4696416014.0
000852.XSHG,2014-03-17,4903.133,5251310804.0
000852.XSHG,2014-03-18,4934.419,6062232300.0
000852.XSHG,2014-03-19,4937.728,6002683501.0
000852.XSHG,2014-03-20,4798.398,6449559099.0
000852.XSHG,2014-03-21,4870.013,6342500272.0
000852.XSHG,2014-03-24,4876.471,6470221010.0
000852.XSHG,2014-03-25,4876.289,6410716637.0
000852.XSHG,2014-03-26,4903.916,5560014859.0
000852.XSHG,2014-03-27,4804.207,6233851814.0
000852.XSHG,2014-03-28,4671.788,6541384667.0
000852.XSHG,2014-03-31,4633.27,4602014693.0
000852.XSHG,2014-04-01,4714.948,4281026503.0
000852.XSHG,2014-04-02,4683.783,4735747051.0
000852.XSHG,2014-04-03,4686.952,4780494298.0
000852.XSHG,2014-04-04,4743.682,4371644313.0
000852.XSHG,2014-04-08,4774.531,5191730556.0
000852.XSHG,2014-04-09,4830.536,5321427539.0
000852.XSHG,2014-04-10,4849.657,6237317269.0
000852.XSHG,2014-04-11,4822.712,5312194096.0
000852.XSHG,2014-04-14,4858.157,5007437834.0
000852.XSHG,2014-04-15,4838.652,5386368096.0
000852.XSHG,2014-04-16,4847.637,5008899884.0
000852.XSHG,2014-04-17,4847.682,5049026531.0
000852.XSHG,2014-04-18,4870.309,4523442937.0
000852.XSHG,2014-04-21,4794.877,5199760385.0
000852.XSHG,2014-04-22,4748.012,5094371227.0
000852.XSHG,2014-04-23,4730.826,3918119732.0
000852.XSHG,2014-04-24,4682.827,4189684646.0
000852.XSHG,2014-04-25,4582.632,4519103617.0
000852.XSHG,2014-04-28,4424.411,4521191695.0
000852.XSHG,2014-04-29,4479.259,3509950560.0
000852.XSHG,2014-04-30,4525.306,3352968138.0
000852.XSHG,2014-05-05,4577.407,3418014619.0
000852.XSHG,2014-05-06,4612.149,3803547867.0
000852.XSHG,2014-05-07,4533.014,3872371627.0
000852.XSHG,2014-05-08,4532.264,3679882371.0
000852.XSHG,2014-05-09,4481.835,3605621790.0
000852.XSHG,2014-05-12,4576.422,4323106395.0
000852.XSHG,2014-05-13,4574.804,4226780459.0
000852.XSHG,2014-05-14,4577.681,3596966065.0
000852.XSHG,2014-05-15,4491.752,3977506300.0
000852.XSHG,2014-05-16,4472.169,3406579350.0
000852.XSHG,2014-05-19,4458.379,3190954769.0
000852.XSHG,2014-05-20,4480.028,3560071913.0
000852.XSHG,2014-05-21,4518.657,3490139795.0
000852.XSHG,2014-05-22,4527.598,4437155330.0
000852.XSHG,2014-05-23,4582.458,3982660052.0
000852.XSHG,2014-05-26,4645.004,4725571357.0
000852.XSHG,2014-05-27,4624.34,4388809849.0
000852.XSHG,2014-05-28,4690.619,5281728101.0
000852.XSHG,2014-05-29,4635.007,5417863168.0
000852.XSHG,2014-05-30,4648.233,4603220288.0
000852.XSHG,2014-06-03,4640.242,4481670198.0
000852.XSHG,2014-06-04,4610.724,4544756788.0
000852.XSHG,2014-06-05,4671.333,4605631974.0
000852.XSHG,2014-06-06,4662.311,4648163533.0
000852.XSHG,2014-06-09,4627.427,4310300360.0
000852.XSHG,2014-06-10,4686.087,4927575218.0
000852.XSHG,2014-06-11,4717.942,5256194536.0
000852.XSHG,2014-06-12,4712.043,5401515632.0
000852.XSHG,2014-06-13,4766.518,5962209068.0
000852.XSHG,2014-06-16,4800.599,5861607828.0
000852.XSHG,2014-06-17,4757.484,5611508466.0
000852.XSHG,2014-06-18,4721.703,5435396643.0
000852.XSHG,2014-06-19,4581.907,5787271725.0
000852.XSHG,2014-06-20,4635.064,4062390952.0
000852.XSHG,2014-06-23,4697.417,4591859255.0
000852.XSHG,2014-06-24,4733.756,4752306890.0
000852.XSHG,2014-06-25,4715.848,4776063582.0
000852.XSHG,2014-06-26,4793.361,5829608807.0
000852.XSHG,2014-06-27,4829.479,6716632386.0
000852.XSHG,2014-06-30,4884.397,6613391075.0
000852.XSHG,2014-07-01,4915.74,6950162947.0
000852.XSHG,2014-07-02,4945.531,7304116740.0
000852.XSHG,2014-07-03,4980.715,8157755145.0
000852.XSHG,2014-07-04,4977.585,7088799203.0
000852.XSHG,2014-07-07,4970.868,6554386394.0
000852.XSHG,2014-07-08,5014.857,6717212019.0
000852.XSHG,2014-07-09,4937.321,7701633902.0
000852.XSHG,2014-07-10,4935.691,6196931697.0
000852.XSHG,2014-07-11,4966.176,6023003852.0
000852.XSHG,2014-07-14,5025.24,7041897498.0
000852.XSHG,2014-07-15,4992.831,7544822704.0
000852.XSHG,2014-07-16,4925.461,7108125707.0
000852.XSHG,2014-07-17,4907.894,5574391812.0
000852.XSHG,2014-07-18,4910.766,5231005341.0
000852.XSHG,2014-07-21,4898.25,5158062038.0
000852.XSHG,2014-07-22,4966.788,6022533986.0
000852.XSHG,2014-07-23,4897.562,6668868008.0
000852.XSHG,2014-07-24,4859.618,6607795237.0
000852.XSHG,2014-07-25,4899.727,5698940095.0
000852.XSHG,2014-07-28,4984.277,7468562304.0
000852.XSHG,2014-07-29,5046.407,8233566236.0
000852.XSHG,2014-07-30,5088.647,8374133886.0
000852.XSHG,2014-07-31,5115.578,7398034686.0
000852.XSHG,2014-08-01,5056.042,8692539287.0
000852.XSHG,2014-08-04,5121.725,7539874290.0
000852.XSHG,2014-08-05,5170.157,8483419148.0
000852.XSHG,2014-08-06,5192.31,8167916272.0
000852.XSHG,2014-08-07,5158.503,7946595851.0
000852.XSHG,2014-08-08,5206.203,6678824302.0
000852.XSHG,2014-08-11,5285.675,8010410732.0
000852.XSHG,2014-08-12,5322.304,8637897625.0
000852.XSHG,2014-08-13,5320.846,8834800548.0
000852.XSHG,2014-08-14,5302.98,9299374589.0
000852.XSHG,2014-08-15,5359.729,8513163391.0
000852.XSHG,2014-08-18,5449.274,9562010137.0
000852.XSHG,2014-08-19,5473.399,10189636323.0
000852.XSHG,2014-08-20,5461.59,8964114911.0
000852.XSHG,2014-08-21,5477.343,8457210263.0
000852.XSHG,2014-08-22,5524.371,8476920913.0
000852.XSHG,2014-08-25,5485.078,8045113535.0
000852.XSHG,2014-08-26,5376.852,8335760977.0
000852.XSHG,2014-08-27,5406.561,6565984395.0
000852.XSHG,2014-08-28,5359.559,6696560984.0
000852.XSHG,2014-08-29,5421.286,5140328955.0
000852.XSHG,2014-09-01,5522.776,6744194326.0
000852.XSHG,2014-09-02,5604.66,9393835226.0
000852.XSHG,2014-09-03,5648.724,10204291173.0
000852.XSHG,2014-09-04,5704.277,10611210596.0
000852.XSHG,2014-09-05,5722.823,9799347585.0
000852.XSHG,2014-09-09,5757.871,9741509050.0
000852.XSHG,2014-09-10,5797.449,9729413253.0
000852.XSHG,2014-09-11,5790.101,11501359348.0
000852.XSHG,2014-09-12,5862.171,9828404671.0
000852.XSHG,2014-09-15,5922.273,10930054607.0
000852.XSHG,2014-09-16,5717.842,13332982557.0
000852.XSHG,2014-09-17,5757.993,9143836015.0
000852.XSHG,2014-09-18,5803.722,8206356080.0
000852.XSHG,2014-09-19,5870.094,8216520740.0
000852.XSHG,2014-09-22,5820.683,8763450158.0
000852.XSHG,2014-09-23,5905.165,8377979955.0
000852.XSHG,2014-09-24,5984.145,9919038359.0
000852.XSHG,2014-09-25,5989.877,10524145326.0
000852.XSHG,2014-09-26,6015.45,8993194287.0
000852.XSHG,2014-09-29,6080.097,9646188646.0
000852.XSHG,2014-09-30,6127.134,8723905191.0
000852.XSHG,2014-10-08,6214.97,9546888270.0
000852.XSHG,2014-10-09,6238.262,11873286869.0
000852.XSHG,2014-10-10,6216.978,10716554766.0
000852.XSHG,2014-10-13,6216.669,9876628284.0
000852.XSHG,2014-10-14,6203.997,9478084259.0
000852.XSHG,2014-10-15,6222.795,8967862563.0
000852.XSHG,2014-10-16,6134.74,10000839571.0
000852.XSHG,2014-10-17,6058.668,9712586200.0
000852.XSHG,2014-10-20,6154.52,7902498200.0
000852.XSHG,2014-10-21,6103.008,7954840800.0
000852.XSHG,2014-10-22,6027.51,7355879900.0
000852.XSHG,2014-10-23,5930.483,7429695800.0
000852.XSHG,2014-10-24,5941.926,5943125900.0
000852.XSHG,2014-10-27,6006.838,6164242600.0
000852.XSHG,2014-10-28,6163.672,8458316300.0
000852.XSHG,2014-10-29,6246.699,11142717300.0
000852.XSHG,2014-10-30,6241.588,10395894800.0
000852.XSHG,2014-10-31,6208.61,9256130400.0
000852.XSHG,2014-11-03,6275.993,9173112500.0
000852.XSHG,2014-11-04,6231.816,8906783400.0
000852.XSHG,2014-11-05,6227.245,7808875400.0
000852.XSHG,2014-11-06,6289.192,7680781700.0
000852.XSHG,2014-11-07,6228.167,9171222000.0
000852.XSHG,2014-11-10,6246.612,7710687800.0
000852.XSHG,2014-11-11,6023.004,10183034100.0
000852.XSHG,2014-11-12,6120.058,6637915400.0
000852.XSHG,2014-11-13,6023.782,8313602000.0
000852.XSHG,2014-11-14,6009.446,6106637600.0
000852.XSHG,2014-11-17,6100.833,6486996800.0
000852.XSHG,2014-11-18,6139.522,6380190800.0
000852.XSHG,2014-11-19,6193.562,7149502700.0
000852.XSHG,2014-11-20,6185.919,6504845400.0
000852.XSHG,2014-11-21,6240.774,7143662700.0
000852.XSHG,2014-11-24,6293.023,9636398900.0
000852.XSHG,2014-11-25,6392.442,10162903000.0
000852.XSHG,2014-11-26,6435.14,10840819800.0
000852.XSHG,2014-11-27,6472.587,11363669400.0
000852.XSHG,2014-11-28,6478.108,11821694500.0
000852.XSHG,2014-12-01,6392.464,10627638000.0
000852.XSHG,2014-12-02,6457.556,9759043400.0
000852.XSHG,2014-12-03,6513.957,13192296800.0
000852.XSHG,2014-12-04,6605.322,13502197100.0
000852.XSHG,2014-12-05,6462.089,14961029300.0
000852.XSHG,2014-12-08,6457.511,12904352600.0
000852.XSHG,2014-12-09,6161.367,15810197900.0
000852.XSHG,2014-12-10,6366.81,10295153000.0
000852.XSHG,2014-12-11,6463.316,11161980800.0
000852.XSHG,2014-12-12,6545.19,10446071700.0
000852.XSHG,2014-12-15,6658.145,11447153300.0
000852.XSHG,2014-12-16,6635.255,10686379300.0
000852.XSHG,2014-12-17,6551.119,11048223800.0
000852.XSHG,2014-12-18,6540.881,8866739100.0
000852.XSHG,2014-12-19,6438.042,10038936600.0
000852.XSHG,2014-12-22,6120.582,11679418800.0
000852.XSHG,2014-12-23,6023.366,7418941700.0
000852.XSHG,2014-12-24,6154.878,6849393000.0
000852.XSHG,2014-12-25,6222.506,6834942700.0
000852.XSHG,2014-12-26,6233.936,7820917100.0
000852.XSHG,2014-12-29,6098.979,9193861400.0
000852.XSHG,2014-12-30,5982.636,7947724700.0
000852.XSHG,2014-12-31,6027.52,7059781600.0
000852.XSHG,2015-01-05,6049.787,9480519100.0
000852.XSHG,2015-01-06,6172.392,9399203300.0
000852.XSHG,2015-01-07,6166.769,8062012400.0
000852.XSHG,2015-01-08,6164.111,8131564600.0
000852.XSHG,2015-01-09,6128.012,7326783900.0
000852.XSHG,2015-01-12,6062.283,6608878900.0
000852.XSHG,2015-01-13,6167.117,6071431300.0
000852.XSHG,2015-01-14,6139.29,5869060800.0
000852.XSHG,2015-01-15,6168.658,5469730500.0
000852.XSHG,2015-01-16,6252.075,6855902200.0
000852.XSHG,2015-01-19,6109.285,9341697600.0
000852.XSHG,2015-01-20,6336.631,8683554900.0
000852.XSHG,2015-01-21,6465.733,10380960400.0
000852.XSHG,2015-01-22,6568.636,10366393600.0
000852.XSHG,2015-01-23,6502.067,10447511100.0
000852.XSHG,2015-01-26,6642.612,9817861300.0
000852.XSHG,2015-01-27,6693.806,10977496600.0
000852.XSHG,2015-01-28,6666.264,9399426800.0
000852.XSHG,2015-01-29,6625.005,7668146200.0
000852.XSHG,2015-01-30,6546.597,8217629800.0
000852.XSHG,2015-02-02,6535.903,6826962500.0
000852.XSHG,2015-02-03,6654.549,7622086200.0
000852.XSHG,2015-02-04,6653.338,7943750400.0
000852.XSHG,2015-02-05,6654.082,9040683400.0
000852.XSHG,2015-02-06,6526.949,7927086000.0
000852.XSHG,2015-02-09,6474.817,5760237000.0
000852.XSHG,2015-02-10,6555.818,5110833600.0
000852.XSHG,2015-02-11,6645.51,6097063200.0
000852.XSHG,2015-02-12,6703.815,6754187300.0
000852.XSHG,2015-02-13,6815.848,8705156800.0
000852.XSHG,2015-02-16,6965.301,8751565400.0
000852.XSHG,2015-02-17,7020.053,8290924800.0
000852.XSHG,2015-02-25,7004.665,8444718800.0
000852.XSHG,2015-02-26,7045.268,9036486900.0
000852.XSHG,2015-02-27,7141.888,10004133900.0
000852.XSHG,2015-03-02,7317.677,13074560400.0
000852.XSHG,2015-03-03,7282.108,14115727900.0
000852.XSHG,2015-03-04,7411.034,12037210900.0
000852.XSHG,2015-03-05,7450.906,12569136400.0
000852.XSHG,2015-03-06,7338.404,11432283500.0
000852.XSHG,2015-03-09,7450.816,10041077300.0
000852.XSHG,2015-03-10,7566.481,10914911800.0
000852.XSHG,2015-03-11,7566.312,10946719100.0
000852.XSHG,2015-03-12,7514.445,11002433700.0
000852.XSHG,2015-03-13,7649.345,9765895100.0
000852.XSHG,2015-03-16,7903.363,14432553100.0
000852.XSHG,2015-03-17,7993.243,17120048900.0
000852.XSHG,2015-03-18,8150.951,16470760400.0
000852.XSHG,2015-03-19,8216.624,16808956900.0
000852.XSHG,2015-03-20,8318.829,15379255000.0
000852.XSHG,2015-03-23,8560.441,17837585000.0
000852.XSHG,2015-03-24,8655.38,21137980000.0
000852.XSHG,2015-03-25,8784.909,18216330500.0
000852.XSHG,2015-03-26,8611.864,17218214000.0
000852.XSHG,2015-03-27,8710.291,13191347200.0
000852.XSHG,2015-03-30,8719.22,15608990300.0
000852.XSHG,2015-03-31,8780.739,15664822500.0
000852.XSHG,2015-04-01,9008.201,14979397800.0
000852.XSHG,2015-04-02,9238.053,17843017200.0
000852.XSHG,2015-04-03,9419.201,17610632900.0
000852.XSHG,2015-04-07,9600.722,18085603600.0
000852.XSHG,2015-04-08,9455.59,18749150400.0
000852.XSHG,2015-04-09,9369.657,17409697400.0
000852.XSHG,2015-04-10,9600.401,14730178300.0
000852.XSHG,2015-04-13,9813.596,17113799700.0
000852.XSHG,2015-04-14,9830.062,17541207300.0
000852.XSHG,2015-04-15,9441.192,15766754800.0
000852.XSHG,2015-04-16,9541.766,13521184400.0
000852.XSHG,2015-04-17,9567.695,16182314700.0
000852.XSHG,2015-04-20,9353.612,17543966000.0
000852.XSHG,2015-04-21,9716.349,15181822500.0
000852.XSHG,2015-04-22,9995.262,18096549200.0
000852.XSHG,2015-04-23,10105.27,18855727700.0
000852.XSHG,2015-04-24,10123.91,17419427400.0
000852.XSHG,2015-04-27,10174.9,17248885000.0
000852.XSHG,2015-04-28,9847.893,16926605900.0
000852.XSHG,2015-04-29,10107.4,13462343500.0
000852.XSHG,2015-04-30,10180.49,14074512200.0
000852.XSHG,2015-05-04,10270.13,13215675100.0
000852.XSHG,2015-05-05,10007.27,14857816500.0
000852.XSHG,2015-05-06,9973.991,13319897500.0
000852.XSHG,2015-05-07,9806.508,11342813600.0
000852.XSHG,2015-05-08,10274.38,12780709400.0
000852.XSHG,2015-05-11,10771.62,16040962300.0
000852.XSHG,2015-05-12,11051.43,17809291400.0
000852.XSHG,2015-05-13,11137.3,17698053800.0
000852.XSHG,2015-05-14,11211.1,16981519000.0
000852.XSHG,2015-05-15,11217.93,16038270500.0
000852.XSHG,2015-05-18,11542.28,15285585000.0
000852.XSHG,2015-05-19,11831.36,16296310900.0
000852.XSHG,2015-05-20,12132.37,19811521700.0
000852.XSHG,2015-05-21,12586.05,19195613500.0
000852.XSHG,2015-05-22,12687.29,22874699400.0
000852.XSHG,2015-05-25,12877.87,22281298900.0
000852.XSHG,2015-05-26,13401.31,22803457100.0
000852.XSHG,2015-05-27,13582.55,23041222300.0
000852.XSHG,2015-05-28,12818.99,25665591700.0
000852.XSHG,2015-05-29,13027.21,21002555800.0
000852.XSHG,2015-06-01,13691.17,18801437700.0
000852.XSHG,2015-06-02,14276.32,21223550600.0
000852.XSHG,2015-06-03,14356.6,21656031200.0
000852.XSHG,2015-06-04,14308.65,20307708200.0
000852.XSHG,2015-06-05,14465.75,22874589400.0
000852.XSHG,2015-06-08,14099.7266,21378219700.0
000852.XSHG,2015-06-09,14106.2292,16987537600.0
000852.XSHG,2015-06-10,14461.8111,17912358700.0
000852.XSHG,2015-06-11,14768.8814,18550515300.0
000852.XSHG,2015-06-12,15006.3388,20535094900.0
000852.XSHG,2015-06-15,14707.7784,22276396200.0
000852.XSHG,2015-06-16,14102.2218,19258967200.0
000852.XSHG,2015-06-17,14407.3131,18035931600.0
000852.XSHG,2015-06-18,13934.2148,16969618800.0
000852.XSHG,2015-06-19,13024.7156,15020172300.0
000852.XSHG,2015-06-23,13047.019,15652885400.0
000852.XSHG,2015-06-24,13313.7949,16515631300.0
000852.XSHG,2015-06-25,12760.4781,17286382800.0
000852.XSHG,2015-06-26,11730.7481,14740322000.0
000852.XSHG,2015-06-29,10906.0443,18227383600.0
000852.XSHG,2015-06-30,11381.4729,21688094700.0
000852.XSHG,2015-07-01,10734.0112,19036149500.0
000852.XSHG,2015-07-02,10002.3588,16921731500.0
000852.XSHG,2015-07-03,9358.7322,16450766900.0
000852.XSHG,2015-07-06,8858.9118,20266117700.0
000852.XSHG,2015-07-07,8356.1255,7838326900.0
000852.XSHG,2015-07-08,8114.6044,7850767900.0
000852.XSHG,2015-07-09,8348.8749,13413590700.0
000852.XSHG,2015-07-10,8620.2716,8226998700.0
000852.XSHG,2015-07-13,9032.5563,13273756800.0
000852.XSHG,2015-07-14,9338.169,18654009500.0
000852.XSHG,2015-07-15,8942.9051,21409852300.0
000852.XSHG,2015-07-16,9041.2287,20267447800.0
000852.XSHG,2015-07-17,9541.2589,18798279700.0
000852.XSHG,2015-07-20,9839.9168,23039609100.0
000852.XSHG,2015-07-21,10062.8931,20816137700.0
000852.XSHG,2015-07-22,10228.8632,22086114400.0
000852.XSHG,2015-07-23,10553.2221,23520744400.0
000852.XSHG,2015-07-24,10449.7497,25880692100.0
000852.XSHG,2015-07-27,9719.5505,22717970200.0
000852.XSHG,2015-07-28,9284.5411,21978732900.0
000852.XSHG,2015-07-29,9727.2317,18633106800.0
000852.XSHG,2015-07-30,9460.7288,20116853300.0
000852.XSHG,2015-07-31,9223.6361,14950542000.0
000852.XSHG,2015-08-03,8723.5937,14617514600.0
000852.XSHG,2015-08-04,9265.221,16639467800.0
000852.XSHG,2015-08-05,9240.8846,18859100600.0
000852.XSHG,2015-08-06,9229.3485,14382318400.0
000852.XSHG,2015-08-07,9585.1364,18553277100.0
000852.XSHG,2015-08-10,10077.9421,22400708800.0
000852.XSHG,2015-08-11,10153.7138,24234325200.0
000852.XSHG,2015-08-12,10005.9294,20256043200.0
000852.XSHG,2015-08-13,10308.7894,20465322700.0
000852.XSHG,2015-08-14,10377.9785,23401125300.0
000852.XSHG,2015-08-17,10563.1326,22307774600.0
000852.XSHG,2015-08-18,9806.701,25701516700.0
000852.XSHG,2015-08-19,10057.8401,22939908000.0
000852.XSHG,2015-08-20,9739.9163,19871242100.0
000852.XSHG,2015-08-21,9208.1541,16887377500.0
000852.XSHG,2015-08-24,8506.7235,10930497600.0
000852.XSHG,2015-08-25,7882.1122,11286036800.0
000852.XSHG,2015-08-26,7543.7843,20115735800.0
000852.XSHG,2015-08-27,7793.5388,16520642700.0
000852.XSHG,2015-08-28,8270.9594,18887257300.0
000852.XSHG,2015-08-31,7950.4591,16185587200.0
000852.XSHG,2015-09-01,7441.3381,13552018400.0
000852.XSHG,2015-09-02,7129.9698,14211358000.0
000852.XSHG,2015-09-07,7291.4682,13083151000.0
000852.XSHG,2015-09-08,7651.5004,12774965400.0
000852.XSHG,2015-09-09,7956.7285,18952344400.0
000852.XSHG,2015-09-10,7842.999,14658442000.0
000852.XSHG,2015-09-11,7952.1356,12906175400.0
000852.XSHG,2015-09-14,7412.3015,15716442300.0
000852.XSHG,2015-09-15,7034.8998,12842604900.0
000852.XSHG,2015-09-16,7500.6097,14545906200.0
000852.XSHG,2015-09-17,7428.6373,17920258100.0
000852.XSHG,2015-09-18,7556.2034,12746752700.0
000852.XSHG,2015-09-21,7847.8848,14657248800.0
000852.XSHG,2015-09-22,7880.8355,16812774600.0
000852.XSHG,2015-09-23,7824.066,14683714900.0
000852.XSHG,2015-09-24,7928.8247,14369205800.0
000852.XSHG,2015-09-25,7640.173,14633482400.0
000852.XSHG,2015-09-28,7839.6176,10864716900.0
000852.XSHG,2015-09-29,7720.6772,11115331200.0
000852.XSHG,2015-09-30,7727.5092,9567723500.0
000852.XSHG,2015-10-08,8056.2789,14074278500.0
000852.XSHG,2015-10-09,8180.3966,15500313100.0
000852.XSHG,2015-10-12,8522.6293,20946190000.0
000852.XSHG,2015-10-13,8651.0521,18967591600.0
000852.XSHG,2015-10-14,8534.7257,18600267600.0
000852.XSHG,2015-10-15,8808.4649,19466164500.0
000852.XSHG,2015-10-16,8943.0176,22804022700.0
000852.XSHG,2015-10-19,8935.3908,22127763400.0
000852.XSHG,2015-10-20,9116.5385,20310648200.0
000852.XSHG,2015-10-21,8541.607,25880256700.0
000852.XSHG,2015-10-22,8894.7568,20363135800.0
000852.XSHG,2015-10-23,9182.5529,22877516900.0
000852.XSHG,2015-10-26,9262.8897,24222181700.0
000852.XSHG,2015-10-27,9345.9663,22213167400.0
000852.XSHG,2015-10-28,9131.8703,20545649800.0
000852.XSHG,2015-10-29,9214.5876,17635029000.0
000852.XSHG,2015-10-30,9188.2657,18426279300.0
000852.XSHG,2015-11-02,8944.6834,16832227700.0
000852.XSHG,2015-11-03,8924.415,14035808900.0
000852.XSHG,2015-11-04,9396.8421,20404583800.0
000852.XSHG,2015-11-05,9391.4462,24507576400.0
000852.XSHG,2015-11-06,9629.2803,21652026200.0
000852.XSHG,2015-11-09,9816.0341,23649632300.0
000852.XSHG,2015-11-10,9911.24,23582202800.0
000852.XSHG,2015-11-11,10100.5106,22320052000.0
000852.XSHG,2015-11-12,10135.0823,23027267300.0
000852.XSHG,2015-11-13,9934.7686,22084636000.0
000852.XSHG,2015-11-16,10194.7776,18206408200.0
000852.XSHG,2015-11-17,10109.3985,23570729700.0
000852.XSHG,2015-11-18,9928.6633,17833159300.0
000852.XSHG,2015-11-19,10235.3488,17287393800.0
000852.XSHG,2015-11-20,10440.3518,22041068900.0
000852.XSHG,2015-11-23,10341.449,22933842400.0
000852.XSHG,2015-11-24,10459.5977,16860735400.0
000852.XSHG,2015-11-25,10696.3083,20127148500.0
000852.XSHG,2015-11-26,10620.8318,21464993900.0
000852.XSHG,2015-11-27,9933.4955,22280913800.0
000852.XSHG,2015-11-30,10001.1878,19745447100.0
000852.XSHG,2015-12-01,9955.2047,16458051300.0
000852.XSHG,2015-12-02,9822.0548,14894643500.0
000852.XSHG,2015-12-03,10102.8925,14632445000.0
000852.XSHG,2015-12-04,10081.573,16144011500.0
000852.XSHG,2015-12-07,10238.0191,15151237900.0
000852.XSHG,2015-12-08,10057.7376,16377225800.0
000852.XSHG,2015-12-09,10034.1939,14217327900.0
000852.XSHG,2015-12-10,10035.4491,14075964900.0
000852.XSHG,2015-12-11,9946.1212,12448637400.0
000852.XSHG,2015-12-14,10118.9023,11808539700.0
000852.XSHG,2015-12-15,10278.4692,13173382700.0
000852.XSHG,2015-12-16,10374.2291,14145144400.0
000852.XSHG,2015-12-17,10679.9622,18657213500.0
000852.XSHG,2015-12-18,10629.9701,17309161000.0
000852.XSHG,2015-12-21,10699.6132,15978536300.0
000852.XSHG,2015-12-22,10809.2423,15399100000.0
000852.XSHG,2015-12-23,10638.1595,16942334900.0
000852.XSHG,2015-12-24,10633.1896,12995076500.0
000852.XSHG,2015-12-25,10726.991,12380066500.0
000852.XSHG,2015-12-28,10515.3609,16984814000.0
000852.XSHG,2015-12-29,10653.7085,12930432400.0
000852.XSHG,2015-12-30,10806.704,13909642800.0
000852.XSHG,2015-12-31,10614.3785,12997947400.0
000852.XSHG,2016-01-04,9694.8363,11730414400.0
000852.XSHG,2016-01-05,9452.0406,16862804400.0
000852.XSHG,2016-01-06,9709.5692,13963013900.0
000852.XSHG,2016-01-07,8856.4914,4049542800.0
000852.XSHG,2016-01-08,8876.2526,15692429900.0
000852.XSHG,2016-01-11,8205.122,14356881300.0
000852.XSHG,2016-01-12,8187.9598,12117124200.0
000852.XSHG,2016-01-13,7836.1229,11317753000.0
000852.XSHG,2016-01-14,8157.7372,12293407700.0
000852.XSHG,2016-01-15,7868.1676,11923095300.0
000852.XSHG,2016-01-18,8060.8792,10650582700.0
000852.XSHG,2016-01-19,8388.3835,12730422400.0
000852.XSHG,2016-01-20,8321.3921,12908104800.0
000852.XSHG,2016-01-21,7944.5669,12047289600.0
000852.XSHG,2016-01-22,8074.2854,10111675900.0
000852.XSHG,2016-01-25,8180.5037,9624817400.0
000852.XSHG,2016-01-26,7545.5442,12067395100.0
000852.XSHG,2016-01-27,7466.7458,12425157700.0
000852.XSHG,2016-01-28,7100.9014,9636216600.0
000852.XSHG,2016-01-29,7385.7587,10228517900.0
000852.XSHG,2016-02-01,7292.6133,8684368600.0
000852.XSHG,2016-02-02,7576.0654,9797843200.0
000852.XSHG,2016-02-03,7630.4588,9448356400.0
000852.XSHG,2016-02-04,7807.4008,10829571600.0
000852.XSHG,2016-02-05,7718.7083,8629786200.0
000852.XSHG,2016-02-15,7726.37,7879468400.0
000852.XSHG,2016-02-16,8069.5941,11556592500.0
000852.XSHG,2016-02-17,8202.1465,12969795000.0
000852.XSHG,2016-02-18,8176.1396,13406347700.0
000852.XSHG,2016-02-19,8239.2559,11278702100.0
000852.XSHG,2016-02-22,8407.8524,13315805100.0
000852.XSHG,2016-02-23,8357.3553,13053093700.0
000852.XSHG,2016-02-24,8364.6626,13609474500.0
000852.XSHG,2016-02-25,7702.5912,15743616300.0
000852.XSHG,2016-02-26,7666.8226,12157417100.0
000852.XSHG,2016-02-29,7183.6763,11534440300.0
000852.XSHG,2016-03-01,7345.0859,11556340800.0
000852.XSHG,2016-03-02,7711.886,14716481900.0
000852.XSHG,2016-03-03,7727.1599,15706242300.0
000852.XSHG,2016-03-04,7418.8006,14115240500.0
000852.XSHG,2016-03-07,7600.4372,11095140800.0
000852.XSHG,2016-03-08,7670.6898,13182252600.0
000852.XSHG,2016-03-09,7500.17,10176186500.0
000852.XSHG,2016-03-10,7376.6974,8740149900.0
000852.XSHG,2016-03-11,7349.567,7524588200.0
000852.XSHG,2016-03-14,7640.1307,12033572900.0
000852.XSHG,2016-03-15,7571.8197,9963609400.0
000852.XSHG,2016-03-16,7484.2256,9135938400.0
000852.XSHG,2016-03-17,7779.8753,13355063600.0
000852.XSHG,2016-03-18,8097.2044,18132273600.0
000852.XSHG,2016-03-21,8325.977,19167507000.0
000852.XSHG,2016-03-22,8311.2112,16407444100.0
000852.XSHG,2016-03-23,8408.6385,14611744800.0
000852.XSHG,2016-03-24,8279.6494,16063735600.0
000852.XSHG,2016-03-25,8343.2422,12455555200.0
000852.XSHG,2016-03-28,8298.7781,14298861300.0
000852.XSHG,2016-03-29,8118.9963,12465056200.0
000852.XSHG,2016-03-30,8438.6835,13963561000.0
000852.XSHG,2016-03-31,8447.1793,15013944500.0
000852.XSHG,2016-04-01,8389.2866,12716105900.0
000852.XSHG,2016-04-05,8635.6667,15630836300.0
000852.XSHG,2016-04-06,8691.2299,15996893600.0
000852.XSHG,2016-04-07,8549.5129,15815055600.0
000852.XSHG,2016-04-08,8484.1743,13341528900.0
000852.XSHG,2016-04-11,8677.4091,14362977900.0
000852.XSHG,2016-04-12,8608.3738,13207214900.0
000852.XSHG,2016-04-13,8729.8406,17406329600.0
000852.XSHG,2016-04-14,8837.0181,13964832100.0
000852.XSHG,2016-04-15,8841.0945,13120761300.0
000852.XSHG,2016-04-18,8715.8501,12618498700.0
000852.XSHG,2016-04-19,8754.5044,11283179500.0
000852.XSHG,2016-04-20,8312.2012,18028650600.0
000852.XSHG,2016-04-21,8198.5109,12119077200.0
000852.XSHG,2016-04-22,8282.424,9597953300.0
000852.XSHG,2016-04-25,8232.4778,8962202400.0
000852.XSHG,2016-04-26,8343.4215,8843055400.0
000852.XSHG,2016-04-27,8323.4579,10293617700.0
000852.XSHG,2016-04-28,8303.5569,10495878500.0
000852.XSHG,2016-04-29,8291.6985,8148585100.0
000852.XSHG,2016-05-03,8558.5784,11571854000.0
000852.XSHG,2016-05-04,8565.1143,11729605200.0
000852.XSHG,2016-05-05,8628.7405,10275992100.0
000852.XSHG,2016-05-06,8276.0331,14657076300.0
000852.XSHG,2016-05-09,7918.1483,11545440700.0
000852.XSHG,2016-05-10,7898.6624,7381121900.0
000852.XSHG,2016-05-11,7823.9797,8109225100.0
000852.XSHG,2016-05-12,7821.9121,8685548400.0
000852.XSHG,2016-05-13,7806.9568,7881483700.0
000852.XSHG,2016-05-16,7961.1464,8333277600.0
000852.XSHG,2016-05-17,7961.502,9975967500.0
000852.XSHG,2016-05-18,7711.9546,9602220200.0
000852.XSHG,2016-05-19,7767.3154,8548560200.0
000852.XSHG,2016-05-20,7860.1279,8548543000.0
000852.XSHG,2016-05-23,7995.5813,9530478100.0
000852.XSHG,2016-05-24,7913.6754,8683164500.0
000852.XSHG,2016-05-25,7889.7299,8480690000.0
000852.XSHG,2016-05-26,7929.4676,9357276900.0
000852.XSHG,2016-05-27,7912.8637,8497382300.0
000852.XSHG,2016-05-30,7867.5968,7524281300.0
000852.XSHG,2016-05-31,8197.5567,13739233900.0
000852.XSHG,2016-06-01,8270.5166,14426687900.0
000852.XSHG,2016-06-02,8369.432,13315798900.0
000852.XSHG,2016-06-03,8391.7632,14038763500.0
000852.XSHG,2016-06-06,8422.4718,11750127800.0
000852.XSHG,2016-06-07,8434.6689,11074422500.0
000852.XSHG,2016-06-08,8431.8915,11468648500.0
000852.XSHG,2016-06-13,8000.8185,13707480700.0
000852.XSHG,2016-06-14,8038.589,9677523400.0
000852.XSHG,2016-06-15,8340.5394,13546280100.0
000852.XSHG,2016-06-16,8358.0342,14445001800.0
000852.XSHG,2016-06-17,8414.5075,14141911800.0
000852.XSHG,2016-06-20,8457.9315,12079272600.0
000852.XSHG,2016-06-21,8350.7618,13544944200.0
000852.XSHG,2016-06-22,8513.5431,11722045000.0
000852.XSHG,2016-06-23,8495.78,13277932700.0
000852.XSHG,2016-06-24,8428.8227,16243564300.0
000852.XSHG,2016-06-27,8646.161,13979418300.0
000852.XSHG,2016-06-28,8730.197,15899867700.0
000852.XSHG,2016-06-29,8745.815,15312529300.0
000852.XSHG,2016-06-30,8741.0992,13470987600.0
000852.XSHG,2016-07-01,8710.5174,12116347300.0
000852.XSHG,2016-07-04,8874.0708,14591971000.0
000852.XSHG,2016-07-05,8914.8403,15807681700.0
000852.XSHG,2016-07-06,8947.1372,14540965800.0
000852.XSHG,2016-07-07,8954.2756,16729329100.0
000852.XSHG,2016-07-08,8939.2585,13316621000.0
000852.XSHG,2016-07-11,8874.9964,14565284000.0
000852.XSHG,2016-07-12,8943.0645,15132425500.0
000852.XSHG,2016-07-13,9023.2366,15368618100.0
000852.XSHG,2016-07-14,9042.763,13138119000.0
000852.XSHG,2016-07-15,8982.8857,12314560600.0
000852.XSHG,2016-07-18,8937.8551,11917500300.0
000852.XSHG,2016-07-19,8996.8328,11146450600.0
000852.XSHG,2016-07-20,8997.8904,11369176200.0
000852.XSHG,2016-07-21,9007.5537,12386417500.0
000852.XSHG,2016-07-22,8931.9659,11971964200.0
000852.XSHG,2016-07-25,8925.3406,11084915100.0
000852.XSHG,2016-07-26,9035.557,10861797000.0
000852.XSHG,2016-07-27,8602.9204,18355003400.0
000852.XSHG,2016-07-28,8571.5646,12490532100.0
000852.XSHG,2016-07-29,8501.0902,9373694000.0
000852.XSHG,2016-08-01,8363.6101,9296339600.0
000852.XSHG,2016-08-02,8445.78,7403589200.0
000852.XSHG,2016-08-03,8482.1982,9059322400.0
000852.XSHG,2016-08-04,8553.0058,9613438600.0
000852.XSHG,2016-08-05,8505.3638,9259957500.0
000852.XSHG,2016-08-08,8607.3981,9441836500.0
000852.XSHG,2016-08-09,8699.3882,11161697400.0
000852.XSHG,2016-08-10,8671.7783,10788860500.0
000852.XSHG,2016-08-11,8531.6919,10167408900.0
000852.XSHG,2016-08-12,8615.0533,8999987400.0
000852.XSHG,2016-08-15,8807.832,14727798700.0
000852.XSHG,2016-08-16,8877.0657,13969728700.0
000852.XSHG,2016-08-17,8911.7475,12591478600.0
000852.XSHG,2016-08-18,8908.3247,13585241800.0
000852.XSHG,2016-08-19,8923.3628,11378626200.0
000852.XSHG,2016-08-22,8810.8425,11651571000.0
000852.XSHG,2016-08-23,8820.2101,10221750100.0
000852.XSHG,2016-08-24,8850.511,9656844900.0
000852.XSHG,2016-08-25,8784.5844,10926424300.0
000852.XSHG,2016-08-26,8814.4644,10176610600.0
000852.XSHG,2016-08-29,8836.9934,9211954300.0
000852.XSHG,2016-08-30,8838.4637,9181080300.0
000852.XSHG,2016-08-31,8838.3802,8937921700.0
000852.XSHG,2016-09-01,8770.7509,9882537200.0
000852.XSHG,2016-09-02,8724.9417,9245676400.0
000852.XSHG,2016-09-05,8761.9617,8891908300.0
000852.XSHG,2016-09-06,8906.8682,11514550800.0
000852.XSHG,2016-09-07,8897.7972,12554006800.0
000852.XSHG,2016-09-08,8938.4306,10444423300.0
000852.XSHG,2016-09-09,8872.3135,10819005200.0
000852.XSHG,2016-09-12,8587.3986,11736756400.0
000852.XSHG,2016-09-13,8656.6797,8881071500.0
000852.XSHG,2016-09-14,8618.1493,8506578700.0
000852.XSHG,2016-09-19,8716.4859,7905835300.0
000852.XSHG,2016-09-20,8712.2831,8060704100.0
000852.XSHG,2016-09-21,8731.9994,7678421300.0
000852.XSHG,2016-09-22,8770.0946,9179103700.0
000852.XSHG,2016-09-23,8729.6107,8946576100.0
000852.XSHG,2016-09-26,8544.1762,9634897700.0
000852.XSHG,2016-09-27,8604.0991,8233348200.0
000852.XSHG,2016-09-28,8592.1261,7572826800.0
000852.XSHG,2016-09-29,8618.606,7620328200.0
000852.XSHG,2016-09-30,8661.019,7198718600.0
000852.XSHG,2016-10-10,8842.818,10431023800.0
000852.XSHG,2016-10-11,8903.459,10442788300.0
000852.XSHG,2016-10-12,8915.4406,10262658700.0
000852.XSHG,2016-10-13,8929.511,10648698200.0
000852.XSHG,2016-10-14,8913.6951,10209982800.0
000852.XSHG,2016-10-17,8832.0944,10611225800.0
000852.XSHG,2016-10-18,8966.6907,10562259600.0
000852.XSHG,2016-10-19,8954.2026,10863127500.0
000852.XSHG,2016-10-20,8995.4099,11641295300.0
000852.XSHG,2016-10-21,8943.0111,11182151200.0
000852.XSHG,2016-10-24,9000.7027,11138265900.0
000852.XSHG,2016-10-25,9039.4803,11421991900.0
000852.XSHG,2016-10-26,9000.7596,12416231600.0
000852.XSHG,2016-10-27,8997.0159,10149911800.0
000852.XSHG,2016-10-28,8914.6166,11240219000.0
000852.XSHG,2016-10-31,8910.5081,10115549400.0
000852.XSHG,2016-11-01,9006.7893,10655932700.0
000852.XSHG,2016-11-02,8946.7436,12137092500.0
000852.XSHG,2016-11-03,9004.8546,13551786600.0
000852.XSHG,2016-11-04,8979.9261,11965658500.0
000852.XSHG,2016-11-07,8975.566,11523430300.0
000852.XSHG,2016-11-08,9030.7309,11203265000.0
000852.XSHG,2016-11-09,8967.5963,14302103400.0
000852.XSHG,2016-11-10,9083.8442,13975912500.0
000852.XSHG,2016-11-11,9121.5092,14658005300.0
000852.XSHG,2016-11-14,9152.1653,14747169000.0
000852.XSHG,2016-11-15,9197.8606,13237289800.0
000852.XSHG,2016-11-16,9211.9488,13822570200.0
000852.XSHG,2016-11-17,9174.4386,11843246900.0
000852.XSHG,2016-11-18,9146.2138,11285068300.0
000852.XSHG,2016-11-21,9167.4921,10692156900.0
000852.XSHG,2016-11-22,9244.2118,11704371000.0
000852.XSHG,2016-11-23,9180.011,12402560200.0
000852.XSHG,2016-11-24,9116.5664,11236606100.0
000852.XSHG,2016-11-25,9134.8153,10949827200.0
000852.XSHG,2016-11-28,9133.9097,10363203900.0
000852.XSHG,2016-11-29,9031.2898,11003544300.0
000852.XSHG,2016-11-30,9014.913,9397614700.0
000852.XSHG,2016-12-01,9055.9856,8781264100.0
000852.XSHG,2016-12-02,8900.4144,10057233200.0
000852.XSHG,2016-12-05,8851.5163,8378221400.0
000852.XSHG,2016-12-06,8871.7288,7375064500.0
000852.XSHG,2016-12-07,8969.1357,8364989300.0
000852.XSHG,2016-12-08,8914.5121,8552181100.0
000852.XSHG,2016-12-09,8881.3429,8345973600.0
000852.XSHG,2016-12-12,8397.4837,12418210100.0
000852.XSHG,2016-12-13,8433.5874,9000416600.0
000852.XSHG,2016-12-14,8378.0562,8986196700.0
000852.XSHG,2016-12-15,8467.7081,8782564100.0
000852.XSHG,2016-12-16,8559.9905,8782936700.0
000852.XSHG,2016-12-19,8551.3258,8359021500.0
000852.XSHG,2016-12-20,8546.1909,7765967900.0
000852.XSHG,2016-12-21,8609.4052,8190383600.0
000852.XSHG,2016-12-22,8607.9453,8073703600.0
000852.XSHG,2016-12-23,8509.361,7963635300.0
000852.XSHG,2016-12-26,8547.0972,7627013600.0
000852.XSHG,2016-12-27,8555.9901,7350422000.0
000852.XSHG,2016-12-28,8521.3751,7567201800.0
000852.XSHG,2016-12-29,8488.2972,7006922800.0
000852.XSHG,2016-12-30,8490.8611,6899418000.0
000852.XSHG,2017-01-03,8565.1363,7267482900.0
000852.XSHG,2017-01-04,8669.9492,9410335200.0
000852.XSHG,2017-01-05,8670.7612,9488857300.0
000852.XSHG,2017-01-06,8609.8985,9765602000.0
000852.XSHG,2017-01-09,8653.8468,8979711900.0
000852.XSHG,2017-01-10,8609.5533,8911442800.0
000852.XSHG,2017-01-11,8519.845,8555321500.0
000852.XSHG,2017-01-12,8443.2609,7933044800.0
000852.XSHG,2017-01-13,8286.2411,7925718200.0
000852.XSHG,2017-01-16,7931.9554,10620820700.0
000852.XSHG,2017-01-17,8028.6514,7739049200.0
000852.XSHG,2017-01-18,7989.1406,6407627200.0
000852.XSHG,2017-01-19,7955.3917,6010725400.0
000852.XSHG,2017-01-20,8087.7723,6519986800.0
000852.XSHG,2017-01-23,8169.1089,6835373500.0
000852.XSHG,2017-01-24,8123.5863,6291684700.0
000852.XSHG,2017-01-25,8150.5957,5469716400.0
000852.XSHG,2017-01-26,8205.8706,5022816500.0
000852.XSHG,2017-02-03,8182.2785,4538879300.0
000852.XSHG,2017-02-06,8280.0082,6426307700.0
000852.XSHG,2017-02-07,8282.3749,7401738100.0
000852.XSHG,2017-02-08,8342.4339,7823875100.0
000852.XSHG,2017-02-09,8410.2611,9172477500.0
000852.XSHG,2017-02-10,8380.7863,9808551700.0
000852.XSHG,2017-02-13,8432.9571,8971092700.0
000852.XSHG,2017-02-14,8423.8355,8440136100.0
000852.XSHG,2017-02-15,8344.0744,9655830300.0
000852.XSHG,2017-02-16,8397.5621,8965390100.0
000852.XSHG,2017-02-17,8324.4171,9913700800.0
000852.XSHG,2017-02-20,8397.2435,9364950900.0
000852.XSHG,2017-02-21,8479.6076,10368221400.0
000852.XSHG,2017-02-22,8510.3052,10412687000.0
000852.XSHG,2017-02-23,8512.7047,11348493600.0
000852.XSHG,2017-02-24,8543.4486,9476841700.0
000852.XSHG,2017-02-27,8476.9064,9030475500.0
000852.XSHG,2017-02-28,8508.0859,8138542700.0
000852.XSHG,2017-03-01,8526.4715,9347681200.0
000852.XSHG,2017-03-02,8471.44,9044668200.0
000852.XSHG,2017-03-03,8505.4516,8575807900.0
000852.XSHG,2017-03-06,8608.1538,8978624300.0
000852.XSHG,2017-03-07,8624.4654,9488463600.0
000852.XSHG,2017-03-08,8589.8697,8565145200.0
000852.XSHG,2017-03-09,8535.5563,8784431600.0
000852.XSHG,2017-03-10,8537.7803,7528222000.0
000852.XSHG,2017-03-13,8598.5181,8158481600.0
000852.XSHG,2017-03-14,8581.7132,8347589800.0
000852.XSHG,2017-03-15,8574.0297,8272882500.0
000852.XSHG,2017-03-16,8664.9807,9621689600.0
000852.XSHG,2017-03-17,8603.8652,10725315300.0
000852.XSHG,2017-03-20,8634.8437,9228268300.0
000852.XSHG,2017-03-21,8639.5664,8141693700.0
000852.XSHG,2017-03-22,8592.5076,9298485500.0
000852.XSHG,2017-03-23,8590.9601,10048770600.0
000852.XSHG,2017-03-24,8602.2898,9330369500.0
000852.XSHG,2017-03-27,8586.9104,9033983700.0
000852.XSHG,2017-03-28,8558.072,8321832400.0
000852.XSHG,2017-03-29,8488.2171,9793119400.0
000852.XSHG,2017-03-30,8315.0453,11380245600.0
000852.XSHG,2017-03-31,8339.1462,8918546900.0
000852.XSHG,2017-04-05,8522.0098,10423689700.0
000852.XSHG,2017-04-06,8543.663,10371863000.0
000852.XSHG,2017-04-07,8544.747,10442926800.0
000852.XSHG,2017-04-10,8449.1568,11671619900.0
000852.XSHG,2017-04-11,8514.4359,13425147500.0
000852.XSHG,2017-04-12,8444.3937,12667524600.0
000852.XSHG,2017-04-13,8470.3131,10649446500.0
000852.XSHG,2017-04-14,8345.6516,10430284800.0
000852.XSHG,2017-04-17,8220.6567,9237520300.0
000852.XSHG,2017-04-18,8136.409,8672841900.0
000852.XSHG,2017-04-19,8033.5026,9667457800.0
000852.XSHG,2017-04-20,7987.6508,8017387700.0
000852.XSHG,2017-04-21,7945.39,6860937400.0
000852.XSHG,2017-04-24,7698.2848,7912306900.0
000852.XSHG,2017-04-25,7723.9994,6981770800.0
000852.XSHG,2017-04-26,7751.9441,7212468700.0
000852.XSHG,2017-04-27,7799.1219,9816778100.0
000852.XSHG,2017-04-28,7842.0823,7321627000.0
000852.XSHG,2017-05-02,7845.4678,7033904200.0
000852.XSHG,2017-05-03,7830.6375,7932525600.0
000852.XSHG,2017-05-04,7804.5795,8164305400.0
000852.XSHG,2017-05-05,7700.2646,7576019000.0
000852.XSHG,2017-05-08,7555.2827,7331972900.0
000852.XSHG,2017-05-09,7602.9617,6728080500.0
000852.XSHG,2017-05-10,7451.7759,7730156500.0
000852.XSHG,2017-05-11,7387.1534,8998668900.0
000852.XSHG,2017-05-12,7371.3016,6895514800.0
000852.XSHG,2017-05-15,7391.6054,6201872700.0
000852.XSHG,2017-05-16,7549.7649,8795632700.0
000852.XSHG,2017-05-17,7570.4388,8739756500.0
000852.XSHG,2017-05-18,7519.1915,7657137100.0
000852.XSHG,2017-05-19,7510.1064,7023546500.0
000852.XSHG,2017-05-22,7372.79,7564274800.0
000852.XSHG,2017-05-23,7138.2383,8130014100.0
000852.XSHG,2017-05-24,7172.143,6967533800.0
000852.XSHG,2017-05-25,7232.6313,7845246000.0
000852.XSHG,2017-05-26,7233.3384,7338887600.0
000852.XSHG,2017-05-31,7212.6958,6808816400.0
000852.XSHG,2017-06-01,7016.304,7304807400.0
000852.XSHG,2017-06-02,7094.4274,7211467900.0
000852.XSHG,2017-06-05,7160.5273,6318615200.0
000852.XSHG,2017-06-06,7197.6176,6167829900.0
000852.XSHG,2017-06-07,7347.5974,9154672400.0
000852.XSHG,2017-06-08,7342.4822,8498715000.0
000852.XSHG,2017-06-09,7348.5208,7671790400.0
000852.XSHG,2017-06-12,7246.7127,7546849800.0
000852.XSHG,2017-06-13,7352.9763,7360418400.0
000852.XSHG,2017-06-14,7362.8557,8023626900.0
000852.XSHG,2017-06-15,7455.3876,9100868600.0
000852.XSHG,2017-06-16,7442.9532,7877082300.0
000852.XSHG,2017-06-19,7489.7603,7434824200.0
000852.XSHG,2017-06-20,7503.8007,8875375000.0
000852.XSHG,2017-06-21,7504.1922,8202057400.0
000852.XSHG,2017-06-22,7371.9617,9213568400.0
000852.XSHG,2017-06-23,7376.6653,8128014100.0
000852.XSHG,2017-06-26,7462.0958,7595195700.0
000852.XSHG,2017-06-27,7474.0329,7565232900.0
000852.XSHG,2017-06-28,7423.4682,7005321500.0
000852.XSHG,2017-06-29,7456.6719,6729745400.0
000852.XSHG,2017-06-30,7465.7623,6415020300.0
000852.XSHG,2017-07-03,7537.106,7448629300.0
000852.XSHG,2017-07-04,7523.6952,7264817800.0
000852.XSHG,2017-07-05,7588.087,8289033400.0
000852.XSHG,2017-07-06,7601.7853,10042564600.0
000852.XSHG,2017-07-07,7623.3803,9419961400.0
000852.XSHG,2017-07-10,7577.8179,9969848700.0
000852.XSHG,2017-07-11,7484.0582,9099108200.0
000852.XSHG,2017-07-12,7474.3329,8979219500.0
000852.XSHG,2017-07-13,7474.2995,8180838900.0
000852.XSHG,2017-07-14,7433.1796,7379490900.0
000852.XSHG,2017-07-17,7048.5352,11649610500.0
000852.XSHG,2017-07-18,7109.6,8260012100.0
000852.XSHG,2017-07-19,7202.8053,10196642900.0
000852.XSHG,2017-07-20,7244.9003,10617249100.0
000852.XSHG,2017-07-21,7252.7072,10007728100.0
000852.XSHG,2017-07-24,7292.6485,10620252100.0
000852.XSHG,2017-07-25,7278.8429,9238919600.0
000852.XSHG,2017-07-26,7289.8774,9634742100.0
000852.XSHG,2017-07-27,7383.1148,12416969000.0
000852.XSHG,2017-07-28,7386.2077,10320328000.0
000852.XSHG,2017-07-31,7444.9572,11985068800.0
000852.XSHG,2017-08-01,7452.9334,11632211900.0
000852.XSHG,2017-08-02,7389.5098,12243632700.0
000852.XSHG,2017-08-03,7424.1071,11416278200.0
000852.XSHG,2017-08-04,7389.1455,12360072800.0
000852.XSHG,2017-08-07,7445.1799,9965881800.0
000852.XSHG,2017-08-08,7470.6933,12056669900.0
000852.XSHG,2017-08-09,7495.3878,11308396400.0
000852.XSHG,2017-08-10,7441.2365,11552497800.0
000852.XSHG,2017-08-11,7328.4015,11710024700.0
000852.XSHG,2017-08-14,7474.6438,10515812000.0
000852.XSHG,2017-08-15,7507.2913,10108952400.0
000852.XSHG,2017-08-16,7544.387,11264994700.0
000852.XSHG,2017-08-17,7614.2121,12577428100.0
000852.XSHG,2017-08-18,7576.0546,11194850700.0
000852.XSHG,2017-08-21,7631.75,10104485500.0
000852.XSHG,2017-08-22,7585.1122,10214402200.0
000852.XSHG,2017-08-23,7534.4608,8637889900.0
000852.XSHG,2017-08-24,7486.0579,8463669300.0
000852.XSHG,2017-08-25,7559.3055,8660502400.0
000852.XSHG,2017-08-28,7642.6463,10638838300.0
000852.XSHG,2017-08-29,7623.255,10414395200.0
000852.XSHG,2017-08-30,7654.3722,10753486400.0
000852.XSHG,2017-08-31,7679.871,10204647900.0
000852.XSHG,2017-09-01,7739.9053,12420419300.0
000852.XSHG,2017-09-04,7798.1786,13303394200.0
000852.XSHG,2017-09-05,7800.5374,11898826800.0
000852.XSHG,2017-09-06,7858.2849,12595709200.0
000852.XSHG,2017-09-07,7823.3992,13039605300.0
000852.XSHG,2017-09-08,7838.7959,11581334100.0
000852.XSHG,2017-09-11,7920.6904,11994868800.0
000852.XSHG,2017-09-12,7899.4235,15559584100.0
000852.XSHG,2017-09-13,7928.751,11438944100.0
000852.XSHG,2017-09-14,7916.6655,12538587100.0
000852.XSHG,2017-09-15,7880.5664,11648229700.0
000852.XSHG,2017-09-18,7941.6827,10339075500.0
000852.XSHG,2017-09-19,7905.705,10977524500.0
000852.XSHG,2017-09-20,7975.3898,11687608900.0
000852.XSHG,2017-09-21,7886.5153,11685071300.0
000852.XSHG,2017-09-22,7849.7265,10213959900.0
000852.XSHG,2017-09-25,7731.7977,9162351000.0
000852.XSHG,2017-09-26,7746.2385,7784370000.0
000852.XSHG,2017-09-27,7810.234,8134662900.0
000852.XSHG,2017-09-28,7768.3752,8669834200.0
000852.XSHG,2017-09-29,7842.5861,8552320000.0
000852.XSHG,2017-10-09,7941.1804,10227685300.0
000852.XSHG,2017-10-10,7994.4594,10230567100.0
000852.XSHG,2017-10-11,7961.1104,11472088400.0
000852.XSHG,2017-10-12,7940.1376,10087516300.0
000852.XSHG,2017-10-13,7972.4194,9082934300.0
000852.XSHG,2017-10-16,7819.5861,10736255400.0
000852.XSHG,2017-10-17,7805.0681,7095977100.0
000852.XSHG,2017-10-18,7730.2716,8241492200.0
000852.XSHG,2017-10-19,7656.0557,8305505800.0
000852.XSHG,2017-10-20,7751.428,6809259900.0
000852.XSHG,2017-10-23,7793.5367,7175040400.0
000852.XSHG,2017-10-24,7752.9235,7274650600.0
000852.XSHG,2017-10-25,7799.7488,6935858300.0
000852.XSHG,2017-10-26,7830.1058,8382636100.0
000852.XSHG,2017-10-27,7770.7127,7770330300.0
000852.XSHG,2017-10-30,7574.6548,9645048400.0
000852.XSHG,2017-10-31,7631.5334,6938445300.0
000852.XSHG,2017-11-01,7635.4351,7400935400.0
000852.XSHG,2017-11-02,7542.3547,7661754200.0
000852.XSHG,2017-11-03,7476.981,8004438900.0
000852.XSHG,2017-11-06,7551.3531,7338968200.0
000852.XSHG,2017-11-07,7596.1679,8122616200.0
000852.XSHG,2017-11-08,7617.5246,8667480200.0
000852.XSHG,2017-11-09,7656.668,7833248200.0
000852.XSHG,2017-11-10,7669.971,8968388900.0
000852.XSHG,2017-11-13,7681.6349,9678732600.0
000852.XSHG,2017-11-14,7627.4935,9615793300.0
000852.XSHG,2017-11-15,7556.4211,7882488800.0
000852.XSHG,2017-11-16,7535.5894,7586851900.0
000852.XSHG,2017-11-17,7272.656,10582451100.0
000852.XSHG,2017-11-20,7292.456,7926880000.0
000852.XSHG,2017-11-21,7289.3069,7828905600.0
000852.XSHG,2017-11-22,7297.3911,8372176900.0
000852.XSHG,2017-11-23,7129.0547,8491704100.0
000852.XSHG,2017-11-24,7139.5525,6877442100.0
000852.XSHG,2017-11-27,7065.8401,6602616100.0
000852.XSHG,2017-11-28,7176.9202,6484470300.0
000852.XSHG,2017-11-29,7193.1197,7938698500.0
000852.XSHG,2017-11-30,7153.5725,7125352200.0
000852.XSHG,2017-12-01,7215.7755,6877342600.0
000852.XSHG,2017-12-04,7139.7488,6849065100.0
000852.XSHG,2017-12-05,6946.5567,8294743000.0
000852.XSHG,2017-12-06,7016.7644,7407381000.0
000852.XSHG,2017-12-07,7012.7074,6590700300.0
000852.XSHG,2017-12-08,7078.0006,6967196700.0
000852.XSHG,2017-12-11,7160.4254,7466899600.0
000852.XSHG,2017-12-12,7095.5946,7557460300.0
000852.XSHG,2017-12-13,7139.7185,6657978400.0
000852.XSHG,2017-12-14,7146.4493,7112108700.0
000852.XSHG,2017-12-15,7122.7479,7533755600.0
000852.XSHG,2017-12-18,7075.8654,6768024400.0
000852.XSHG,2017-12-19,7115.8513,6120247100.0
000852.XSHG,2017-12-20,7041.4998,7043984900.0
000852.XSHG,2017-12-21,7051.3389,7126026800.0
000852.XSHG,2017-12-22,7037.3972,6629235800.0
000852.XSHG,2017-12-25,6940.511,7020100100.0
000852.XSHG,2017-12-26,6970.7456,6335755300.0
000852.XSHG,2017-12-27,6942.5392,7226388500.0
000852.XSHG,2017-12-28,6956.4829,7527486300.0
000852.XSHG,2017-12-29,7017.3512,6669009700.0
000852.XSHG,2018-01-02,7092.0947,7719102700.0
000852.XSHG,2018-01-03,7159.8758,9141001000.0
000852.XSHG,2018-01-04,7174.865,8882211800.0
000852.XSHG,2018-01-05,7176.8679,9240143300.0
000852.XSHG,2018-01-08,7188.2906,9759601400.0
000852.XSHG,2018-01-09,7176.7416,8476207300.0
000852.XSHG,2018-01-10,7138.781,9208339700.0
000852.XSHG,2018-01-11,7175.3982,8917055700.0
000852.XSHG,2018-01-12,7127.828,9288887900.0
000852.XSHG,2018-01-15,6929.3071,10675138600.0
000852.XSHG,2018-01-16,6960.6772,8686545400.0
000852.XSHG,2018-01-17,6942.863,9040445400.0
000852.XSHG,2018-01-18,6955.232,7102332500.0
000852.XSHG,2018-01-19,6938.3117,7554427700.0
000852.XSHG,2018-01-22,7014.5476,8149037100.0
000852.XSHG,2018-01-23,7019.9751,7862263700.0
000852.XSHG,2018-01-24,7072.4062,9127926800.0
000852.XSHG,2018-01-25,7062.6351,9715572800.0
000852.XSHG,2018-01-26,7056.0133,8259698500.0
000852.XSHG,2018-01-29,6972.4791,8743823100.0
000852.XSHG,2018-01-30,6955.2425,7330462100.0
000852.XSHG,2018-01-31,6791.0094,9371795300.0
000852.XSHG,2018-02-01,6506.4526,10818896900.0
000852.XSHG,2018-02-02,6487.8671,8589562400.0
000852.XSHG,2018-02-05,6461.8128,7066574500.0
000852.XSHG,2018-02-06,6142.6681,9107837500.0
000852.XSHG,2018-02-07,6158.2574,8468120000.0
000852.XSHG,2018-02-08,6238.2209,6331098900.0
000852.XSHG,2018-02-09,6053.0204,8124400700.0
000852.XSHG,2018-02-12,6203.7517,6214402200.0
000852.XSHG,2018-02-13,6216.5101,6140257600.0
000852.XSHG,2018-02-14,6230.6628,4307827500.0
000852.XSHG,2018-02-22,6347.0825,5693553300.0
000852.XSHG,2018-02-23,6365.9164,6421282000.0
000852.XSHG,2018-02-26,6507.128,8953016700.0
000852.XSHG,2018-02-27,6529.3803,9236127600.0
000852.XSHG,2018-02-28,6563.8076,8803159000.0
000852.XSHG,2018-03-01,6658.5782,9108139800.0
000852.XSHG,2018-03-02,6632.3713,8912044600.0
000852.XSHG,2018-03-05,6674.2773,7931678300.0
000852.XSHG,2018-03-06,6735.8593,9646599500.0
000852.XSHG,2018-03-07,6688.5451,8571776500.0
000852.XSHG,2018-03-08,6725.1826,7901547700.0
000852.XSHG,2018-03-09,6837.1264,10663891200.0
000852.XSHG,2018-03-12,6947.4602,12337832400.0
000852.XSHG,2018-03-13,6911.6657,11115292900.0
000852.XSHG,2018-03-14,6834.8354,9418943000.0
000852.XSHG,2018-03-15,6824.0515,9122405800.0
000852.XSHG,2018-03-16,6805.9256,8745533900.0
000852.XSHG,2018-03-19,6820.5016,8417340000.0
000852.XSHG,2018-03-20,6822.2549,8134030600.0
000852.XSHG,2018-03-21,6771.0554,9589589500.0
000852.XSHG,2018-03-22,6764.6898,8580898800.0
000852.XSHG,2018-03-23,6402.8929,13237325700.0
000852.XSHG,2018-03-26,6515.2508,9470310700.0
000852.XSHG,2018-03-27,6680.8436,11019570700.0
000852.XSHG,2018-03-28,6635.8731,9937145600.0
000852.XSHG,2018-03-29,6684.2753,9121421100.0
000852.XSHG,2018-03-30,6798.6684,10209194900.0
000852.XSHG,2018-04-02,6835.8746,11829786400.0
000852.XSHG,2018-04-03,6769.558,10135728000.0
000852.XSHG,2018-04-04,6708.9219,9264576600.0
000852.XSHG,2018-04-09,6718.6493,8753844500.0
000852.XSHG,2018-04-10,6720.7737,9416463300.0
000852.XSHG,2018-04-11,6759.8118,9513179200.0
000852.XSHG,2018-04-12,6727.6447,8845448300.0
000852.XSHG,2018-04-13,6721.6629,8455936600.0
000852.XSHG,2018-04-16,6717.9311,9313585600.0
000852.XSHG,2018-04-17,6564.6919,9725995400.0
000852.XSHG,2018-04-18,6661.2913,10186924100.0
000852.XSHG,2018-04-19,6677.09,10140045800.0
000852.XSHG,2018-04-20,6535.9633,9534615800.0
000852.XSHG,2018-04-23,6466.5186,8717607200.0
000852.XSHG,2018-04-24,6606.5839,9152838700.0
000852.XSHG,2018-04-25,6632.0186,9013361900.0
000852.XSHG,2018-04-26,6510.5343,9017435200.0
000852.XSHG,2018-04-27,6517.0541,7573781600.0
000852.XSHG,2018-05-02,6486.8143,7555839200.0
000852.XSHG,2018-05-03,6545.2741,8059867600.0
000852.XSHG,2018-05-04,6531.2928,7087789300.0
000852.XSHG,2018-05-07,6646.5838,8149441600.0
000852.XSHG,2018-05-08,6678.1447,8433144100.0
000852.XSHG,2018-05-09,6674.9094,8101661500.0
000852.XSHG,2018-05-10,6703.211,9217653100.0
000852.XSHG,2018-05-11,6636.7666,8688035300.0
000852.XSHG,2018-05-14,6591.7303,7902454800.0
000852.XSHG,2018-05-15,6661.1288,7561461100.0
000852.XSHG,2018-05-16,6622.6414,7987825400.0
000852.XSHG,2018-05-17,6591.255,7323544400.0
000852.XSHG,2018-05-18,6620.7747,7676169400.0
000852.XSHG,2018-05-21,6697.1442,9489491200.0
000852.XSHG,2018-05-22,6724.3984,9011142300.0
000852.XSHG,2018-05-23,6652.2924,9294004400.0
000852.XSHG,2018-05-24,6628.5024,7479996800.0
000852.XSHG,2018-05-25,6541.4497,8455547600.0
000852.XSHG,2018-05-28,6490.4048,7946946000.0
000852.XSHG,2018-05-29,6436.7725,7834365100.0
000852.XSHG,2018-05-30,6232.4157,9271053300.0
000852.XSHG,2018-05-31,6315.1721,7956685500.0
000852.XSHG,2018-06-01,6243.7318,7830382000.0
000852.XSHG,2018-06-04,6215.6085,6721235400.0
000852.XSHG,2018-06-05,6316.419,6976182600.0
000852.XSHG,2018-06-06,6320.4738,6580838300.0
000852.XSHG,2018-06-07,6274.8838,6878681900.0
000852.XSHG,2018-06-08,6205.9557,7220534300.0
000852.XSHG,2018-06-11,6151.9383,6274401200.0
000852.XSHG,2018-06-12,6199.1544,6426719900.0
000852.XSHG,2018-06-13,6092.3445,6746971300.0
000852.XSHG,2018-06-14,6060.1287,6396890000.0
000852.XSHG,2018-06-15,5928.0725,8119767200.0
000852.XSHG,2018-06-19,5522.5286,10283066500.0
000852.XSHG,2018-06-20,5588.27,8036770900.0
000852.XSHG,2018-06-21,5456.9105,8410382700.0
000852.XSHG,2018-06-22,5541.3742,7547507900.0
000852.XSHG,2018-06-25,5512.4331,7003653200.0
000852.XSHG,2018-06-26,5558.7138,7802938500.0
000852.XSHG,2018-06-27,5508.9152,7609946200.0
000852.XSHG,2018-06-28,5443.8491,6980846400.0
000852.XSHG,2018-06-29,5608.5358,8374165000.0
000852.XSHG,2018-07-02,5538.0924,8844532000.0
000852.XSHG,2018-07-03,5601.5906,8542994300.0
000852.XSHG,2018-07-04,5500.6654,7875357800.0
000852.XSHG,2018-07-05,5352.6601,7806265400.0
000852.XSHG,2018-07-06,5374.5801,8691298100.0
000852.XSHG,2018-07-09,5487.5489,7782370600.0
000852.XSHG,2018-07-10,5524.8023,7568918700.0
000852.XSHG,2018-07-11,5396.312,8338513600.0
000852.XSHG,2018-07-12,5541.3602,9483435700.0
000852.XSHG,2018-07-13,5561.6853,8459706700.0
000852.XSHG,2018-07-16,5566.9595,7431843900.0
000852.XSHG,2018-07-17,5575.474,7586102000.0
000852.XSHG,2018-07-18,5544.5186,8505172600.0
000852.XSHG,2018-07-19,5480.7672,7487730600.0
000852.XSHG,2018-07-20,5541.2117,7658396000.0
000852.XSHG,2018-07-23,5582.307,9431912700.0
000852.XSHG,2018-07-24,5672.2217,11969016400.0
000852.XSHG,2018-07-25,5685.5862,10923397700.0
000852.XSHG,2018-07-26,5663.1777,11568448900.0
000852.XSHG,2018-07-27,5630.2272,10276141000.0
000852.XSHG,2018-07-30,5549.0373,9367935400.0
000852.XSHG,2018-07-31,5542.5434,7212396000.0
000852.XSHG,2018-08-01,5456.2054,8426811600.0
000852.XSHG,2018-08-02,5325.8014,10325061600.0
000852.XSHG,2018-08-03,5255.6309,7887993300.0
000852.XSHG,2018-08-06,5144.6419,7911212600.0
000852.XSHG,2018-08-07,5279.6417,8577729600.0
000852.XSHG,2018-08-08,5191.7863,9057595300.0
000852.XSHG,2018-08-09,5307.9668,9660996500.0
000852.XSHG,2018-08-10,5342.0468,7725332800.0
000852.XSHG,2018-08-13,5369.1758,7893930600.0
000852.XSHG,2018-08-14,5351.0187,7763299000.0
000852.XSHG,2018-08-15,5242.0865,7736085500.0
000852.XSHG,2018-08-16,5178.2374,7204402800.0
000852.XSHG,2018-08-17,5084.207,7378958100.0
000852.XSHG,2018-08-20,5103.6343,6933502400.0
000852.XSHG,2018-08-21,5162.0263,7016217900.0
000852.XSHG,2018-08-22,5102.3594,6496965800.0
000852.XSHG,2018-08-23,5133.3288,6398448100.0
000852.XSHG,2018-08-24,5116.1391,6123012800.0
000852.XSHG,2018-08-27,5229.3611,7898601300.0
000852.XSHG,2018-08-28,5233.5027,7572309200.0
000852.XSHG,2018-08-29,5203.7117,6564927400.0
000852.XSHG,2018-08-30,5114.2663,6781896100.0
000852.XSHG,2018-08-31,5057.9848,5925713200.0
000852.XSHG,2018-09-03,5054.1051,6325047500.0
000852.XSHG,2018-09-04,5113.1474,7160234000.0
000852.XSHG,2018-09-05,5032.502,7513662000.0
000852.XSHG,2018-09-06,5012.5093,6630553100.0
000852.XSHG,2018-09-07,5022.2844,7468411400.0
000852.XSHG,2018-09-10,4923.6444,7025928800.0
000852.XSHG,2018-09-11,4925.3007,6219937800.0
000852.XSHG,2018-09-12,4919.8057,5833636100.0
000852.XSHG,2018-09-13,4958.1648,6695721800.0
000852.XSHG,2018-09-14,4907.9343,6756904500.0
000852.XSHG,2018-09-17,4831.5632,6047078900.0
000852.XSHG,2018-09-18,4917.3504,7213461700.0
000852.XSHG,2018-09-19,4970.012,8785678900.0
000852.XSHG,2018-09-20,4951.5849,7895421000.0
000852.XSHG,2018-09-21,5011.6909,8680959100.0
000852.XSHG,2018-09-25,4995.6951,6632506400.0
000852.XSHG,2018-09-26,5017.0582,7988814900.0
000852.XSHG,2018-09-27,4945.6907,8831452300.0
000852.XSHG,2018-09-28,4987.2727,6999238300.0
000852.XSHG,2018-10-08,4817.4336,7240327700.0
000852.XSHG,2018-10-09,4818.7327,6256100500.0
000852.XSHG,2018-10-10,4812.4269,6414090700.0
000852.XSHG,2018-10-11,4456.6084,10792839100.0
000852.XSHG,2018-10-12,4427.6804,9849827900.0
000852.XSHG,2018-10-15,4358.869,6822101100.0
000852.XSHG,2018-10-16,4261.1731,6819949300.0
000852.XSHG,2018-10-17,4292.1965,7124790700.0
000852.XSHG,2018-10-18,4149.4442,7159153300.0
000852.XSHG,2018-10-19,4241.2335,7723095300.0
000852.XSHG,2018-10-22,4452.7369,11187443000.0
000852.XSHG,2018-10-23,4379.0558,9307805200.0
000852.XSHG,2018-10-24,4377.5508,7524089200.0
000852.XSHG,2018-10-25,4345.3271,8096954100.0
000852.XSHG,2018-10-26,4359.4744,8261754400.0
000852.XSHG,2018-10-29,4296.699,6621137400.0
000852.XSHG,2018-10-30,4336.6497,7621092300.0
000852.XSHG,2018-10-31,4400.6132,8616253000.0
000852.XSHG,2018-11-01,4428.7364,10184154400.0
000852.XSHG,2018-11-02,4564.1771,11582647900.0
000852.XSHG,2018-11-05,4598.2011,12238285800.0
000852.XSHG,2018-11-06,4603.1086,10358747000.0
000852.XSHG,2018-11-07,4592.8355,11422887700.0
000852.XSHG,2018-11-08,4572.3781,10245734500.0
000852.XSHG,2018-11-09,4561.2128,8858860400.0
000852.XSHG,2018-11-12,4697.3459,11854624400.0
000852.XSHG,2018-11-13,4790.4482,17346364600.0
000852.XSHG,2018-11-14,4791.2259,15864518300.0
000852.XSHG,2018-11-15,4871.0891,14033137200.0
000852.XSHG,2018-11-16,4923.9862,15718806400.0
000852.XSHG,2018-11-19,4942.4919,14806178900.0
000852.XSHG,2018-11-20,4811.8817,14640450100.0
000852.XSHG,2018-11-21,4847.0361,12395381900.0
000852.XSHG,2018-11-22,4850.1307,11654161300.0
000852.XSHG,2018-11-23,4642.1171,13402341100.0
000852.XSHG,2018-11-26,4633.7314,9237920300.0
000852.XSHG,2018-11-27,4671.6439,9359030400.0
000852.XSHG,2018-11-28,4728.5759,10861888800.0
000852.XSHG,2018-11-29,4617.3483,11050950800.0
000852.XSHG,2018-11-30,4648.1837,9593184700.0
000852.XSHG,2018-12-03,4802.2933,12938589300.0
000852.XSHG,2018-12-04,4846.1695,11912708700.0
000852.XSHG,2018-12-05,4816.9916,11694757700.0
000852.XSHG,2018-12-06,4730.9128,10849249000.0
000852.XSHG,2018-12-07,4731.9019,8794634900.0
000852.XSHG,2018-12-10,4676.6151,8148405400.0
000852.XSHG,2018-12-11,4720.4692,7931538100.0
000852.XSHG,2018-12-12,4718.8217,8086911200.0
000852.XSHG,2018-12-13,4763.7167,9575691200.0
000852.XSHG,2018-12-14,4641.8881,9900454400.0
000852.XSHG,2018-12-17,4627.2282,7574956200.0
000852.XSHG,2018-12-18,4596.61,7234622300.0
000852.XSHG,2018-12-19,4533.3964,6912025000.0
000852.XSHG,2018-12-20,4550.5973,7038223800.0
000852.XSHG,2018-12-21,4517.7798,6964065100.0
000852.XSHG,2018-12-24,4558.3174,6608187000.0
000852.XSHG,2018-12-25,4514.6175,9303586000.0
000852.XSHG,2018-12-26,4494.4975,7671039000.0
000852.XSHG,2018-12-27,4424.6531,8099668900.0
000852.XSHG,2018-12-28,4430.0238,7152888900.0
000852.XSHG,2019-01-02,4408.5252,6627224000.0
000852.XSHG,2019-01-03,4376.8582,8049498000.0
000852.XSHG,2019-01-04,4497.8933,10347081200.0
000852.XSHG,2019-01-07,4594.1482,11455361800.0
000852.XSHG,2019-01-08,4585.0325,10741102300.0
000852.XSHG,2019-01-09,4594.7385,12317385800.0
000852.XSHG,2019-01-10,4582.4828,10648293900.0
000852.XSHG,2019-01-11,4621.6108,10412423600.0
000852.XSHG,2019-01-14,4594.1901,10173812000.0
000852.XSHG,2019-01-15,4644.1664,10156223700.0
000852.XSHG,2019-01-16,4637.1968,10221963000.0
000852.XSHG,2019-01-17,4595.4901,10344010500.0
000852.XSHG,2019-01-18,4626.4129,10917522500.0
000852.XSHG,2019-01-21,4655.1105,10007606400.0
000852.XSHG,2019-01-22,4603.2028,9712104100.0
000852.XSHG,2019-01-23,4609.6722,8517290100.0
000852.XSHG,2019-01-24,4635.7473,9905679700.0
000852.XSHG,2019-01-25,4607.9448,9992719000.0
000852.XSHG,2019-01-28,4570.3992,9048799900.0
000852.XSHG,2019-01-29,4490.0512,9671803600.0
000852.XSHG,2019-01-30,4423.1355,7448897800.0
000852.XSHG,2019-01-31,4355.7359,9457219400.0
000852.XSHG,2019-02-01,4482.9853,7771265900.0
000852.XSHG,2019-02-11,4611.8298,9267257700.0
000852.XSHG,2019-02-12,4675.7918,11233101200.0
000852.XSHG,2019-02-13,4759.8256,13630586500.0
000852.XSHG,2019-02-14,4780.0441,12283560100.0
000852.XSHG,2019-02-15,4773.5144,12521237100.0
000852.XSHG,2019-02-18,4942.8759,16485188500.0
000852.XSHG,2019-02-19,4963.7511,19235806500.0
000852.XSHG,2019-02-20,4967.0394,16521607000.0
000852.XSHG,2019-02-21,4947.658,19094430000.0
000852.XSHG,2019-02-22,5059.5092,17859898200.0
000852.XSHG,2019-02-25,5324.2471,27981198900.0
000852.XSHG,2019-02-26,5323.7574,30107973800.0
000852.XSHG,2019-02-27,5310.2745,24946198900.0
000852.XSHG,2019-02-28,5330.3392,20046640600.0
000852.XSHG,2019-03-01,5364.3661,17893860700.0
000852.XSHG,2019-03-04,5482.2985,27320234600.0
000852.XSHG,2019-03-05,5654.3058,26806236700.0
000852.XSHG,2019-03-06,5776.9732,32277141300.0
000852.XSHG,2019-03-07,5877.2974,32926050700.0
000852.XSHG,2019-03-08,5633.3187,32870379400.0
000852.XSHG,2019-03-11,5876.342,26426166700.0
000852.XSHG,2019-03-12,6006.1778,31824694800.0
000852.XSHG,2019-03-13,5866.6333,29314895800.0
000852.XSHG,2019-03-14,5688.9504,23297385100.0
000852.XSHG,2019-03-15,5777.1086,20034346700.0
000852.XSHG,2019-03-18,5916.3436,21233365100.0
000852.XSHG,2019-03-19,5941.9085,20832549200.0
000852.XSHG,2019-03-20,5926.1695,21444529400.0
000852.XSHG,2019-03-21,5990.6386,24702048800.0
000852.XSHG,2019-03-22,6014.5459,22226488100.0
000852.XSHG,2019-03-25,5961.4351,22034759100.0
000852.XSHG,2019-03-26,5788.3599,20923874600.0
000852.XSHG,2019-03-27,5826.527,17422342500.0
000852.XSHG,2019-03-28,5747.8634,17183155300.0
000852.XSHG,2019-03-29,5911.2119,19259481000.0
000852.XSHG,2019-04-01,6137.7333,24407525300.0
000852.XSHG,2019-04-02,6174.9422,26150489100.0
000852.XSHG,2019-04-03,6237.016,23699462700.0
000852.XSHG,2019-04-04,6260.0695,24339563500.0
000852.XSHG,2019-04-08,6230.2139,26032327500.0
000852.XSHG,2019-04-09,6245.4321,20854766000.0
000852.XSHG,2019-04-10,6235.7066,23041485300.0
000852.XSHG,2019-04-11,6106.9498,21696391900.0
000852.XSHG,2019-04-12,6101.2045,17732097800.0
000852.XSHG,2019-04-15,6052.0525,19181823900.0
000852.XSHG,2019-04-16,6179.8008,19800145600.0
000852.XSHG,2019-04-17,6234.1109,22208530100.0
000852.XSHG,2019-04-18,6202.8448,21223045200.0
000852.XSHG,2019-04-19,6255.252,20712106200.0
000852.XSHG,2019-04-22,6192.1441,21458795200.0
000852.XSHG,2019-04-23,6078.2672,21300338600.0
000852.XSHG,2019-04-24,6153.3905,18217636600.0
000852.XSHG,2019-04-25,5899.9068,21251176100.0
000852.XSHG,2019-04-26,5834.3774,17250145800.0
000852.XSHG,2019-04-29,5622.4844,17982449400.0
000852.XSHG,2019-04-30,5682.2357,13450204300.0
000852.XSHG,2019-05-06,5246.8299,16781411800.0
000852.XSHG,2019-05-07,5312.496,14424456000.0
000852.XSHG,2019-05-08,5292.7459,14563632900.0
000852.XSHG,2019-05-09,5237.8246,12105840800.0
000852.XSHG,2019-05-10,5445.5262,17248179000.0
000852.XSHG,2019-05-13,5405.6148,13504594600.0
000852.XSHG,2019-05-14,5368.2288,13038316400.0
000852.XSHG,2019-05-15,5486.3865,14681752100.0
000852.XSHG,2019-05-16,5527.2751,16571358900.0
000852.XSHG,2019-05-17,5330.9863,17575493000.0
000852.XSHG,2019-05-20,5313.1491,13549768200.0
000852.XSHG,2019-05-21,5418.0453,14260288000.0
000852.XSHG,2019-05-22,5395.4299,14202333000.0
000852.XSHG,2019-05-23,5267.8266,14360000000.0
000852.XSHG,2019-05-24,5200.774,11814676800.0
000852.XSHG,2019-05-27,5354.634,12815537800.0
000852.XSHG,2019-05-28,5354.5254,13938944500.0
000852.XSHG,2019-05-29,5376.5125,12272879000.0
000852.XSHG,2019-05-30,5341.9803,13334217000.0
000852.XSHG,2019-05-31,5334.2477,12794045700.0
000852.XSHG,2019-06-03,5255.0737,14014095700.0
000852.XSHG,2019-06-04,5160.9769,11911391500.0
000852.XSHG,2019-06-05,5158.4652,10859705700.0
000852.XSHG,2019-06-06,5030.8005,11269256000.0
000852.XSHG,2019-06-10,5098.9383,9852406200.0
000852.XSHG,2019-06-11,5289.6243,15523564900.0
000852.XSHG,2019-06-12,5264.8861,15003153800.0
000852.XSHG,2019-06-13,5294.1125,13516814700.0
000852.XSHG,2019-06-14,5173.0685,13273826500.0
000852.XSHG,2019-06-17,5160.6726,9576465700.0
000852.XSHG,2019-06-18,5160.8783,9200804500.0
000852.XSHG,2019-06-19,5234.2753,13087875800.0
000852.XSHG,2019-06-20,5317.31,14803715300.0
000852.XSHG,2019-06-21,5406.04,16747810800.0
000852.XSHG,2019-06-24,5403.7981,13085816500.0
000852.XSHG,2019-06-25,5351.6898,13454471800.0
000852.XSHG,2019-06-26,5351.391,10768663000.0
000852.XSHG,2019-06-27,5397.5712,12140918400.0
000852.XSHG,2019-06-28,5321.4331,11952729400.0
000852.XSHG,2019-07-01,5481.4086,14921434300.0
000852.XSHG,2019-07-02,5483.515,13305282000.0
000852.XSHG,2019-07-03,5428.5142,12129543500.0
000852.XSHG,2019-07-04,5404.3836,11408144600.0
000852.XSHG,2019-07-05,5424.2503,9690498600.0
000852.XSHG,2019-07-08,5244.2661,12348714500.0
000852.XSHG,2019-07-09,5260.3435,9088317300.0
000852.XSHG,2019-07-10,5214.6441,8698666400.0
000852.XSHG,2019-07-11,5206.3985,8882537400.0
000852.XSHG,2019-07-12,5219.1888,8487735400.0
000852.XSHG,2019-07-15,5273.8148,10328513600.0
000852.XSHG,2019-07-16,5285.229,8824697200.0
000852.XSHG,2019-07-17,5289.4244,9870641600.0
000852.XSHG,2019-07-18,5194.6017,9655468000.0
000852.XSHG,2019-07-19,5220.0273,8770604700.0
000852.XSHG,2019-07-22,5073.3332,9879986000.0
000852.XSHG,2019-07-23,5131.0973,7424977800.0
000852.XSHG,2019-07-24,5194.829,9197206500.0
000852.XSHG,2019-07-25,5211.0858,8552072800.0
000852.XSHG,2019-07-26,5216.6018,7786305200.0
000852.XSHG,2019-07-29,5218.9831,7641457900.0
000852.XSHG,2019-07-30,5239.7181,8437062400.0
000852.XSHG,2019-07-31,5200.0945,8230637500.0
000852.XSHG,2019-08-01,5173.2289,8024739000.0
000852.XSHG,2019-08-02,5091.0633,10140519900.0
000852.XSHG,2019-08-05,5032.6422,9106650200.0
000852.XSHG,2019-08-06,4899.8161,12661971500.0
000852.XSHG,2019-08-07,4885.4401,8995194600.0
000852.XSHG,2019-08-08,4923.3268,8338825800.0
000852.XSHG,2019-08-09,4869.7924,8953496500.0
000852.XSHG,2019-08-12,4952.2171,7882421700.0
000852.XSHG,2019-08-13,4928.4648,7901831800.0
000852.XSHG,2019-08-14,4961.7505,9003471600.0
000852.XSHG,2019-08-15,4985.4213,9532860900.0
000852.XSHG,2019-08-16,5013.5824,9622850300.0
000852.XSHG,2019-08-19,5173.1766,13103217900.0
000852.XSHG,2019-08-20,5185.2652,13273004100.0
000852.XSHG,2019-08-21,5186.6218,11489601300.0
000852.XSHG,2019-08-22,5208.552,11415236900.0
000852.XSHG,2019-08-23,5197.5481,12037115300.0
000852.XSHG,2019-08-26,5168.6795,12237432300.0
000852.XSHG,2019-08-27,5266.6579,14709064800.0
000852.XSHG,2019-08-28,5256.1774,14054848200.0
000852.XSHG,2019-08-29,5260.9496,13075279300.0
000852.XSHG,2019-08-30,5182.9555,14630683100.0
000852.XSHG,2019-09-02,5317.5333,14025647400.0
000852.XSHG,2019-09-03,5357.0603,14329422400.0
000852.XSHG,2019-09-04,5394.7063,15196444200.0
000852.XSHG,2019-09-05,5445.5743,19291145500.0
000852.XSHG,2019-09-06,5468.4591,15200558900.0
000852.XSHG,2019-09-09,5602.2416,17510270000.0
000852.XSHG,2019-09-10,5614.5756,17582553300.0
000852.XSHG,2019-09-11,5566.4083,15766264700.0
000852.XSHG,2019-09-12,5592.9216,13153981700.0
000852.XSHG,2019-09-16,5627.2352,15123977800.0
000852.XSHG,2019-09-17,5492.2224,15520818900.0
000852.XSHG,2019-09-18,5485.8788,11540659900.0
000852.XSHG,2019-09-19,5550.4072,11815086500.0
000852.XSHG,2019-09-20,5556.4776,12646943300.0
000852.XSHG,2019-09-23,5501.2148,12142715200.0
000852.XSHG,2019-09-24,5528.8929,12689542900.0
000852.XSHG,2019-09-25,5421.6247,12964395900.0
000852.XSHG,2019-09-26,5244.0766,13073522100.0
000852.XSHG,2019-09-27,5291.4359,9061738200.0
000852.XSHG,2019-09-30,5232.3865,7753791600.0
000852.XSHG,2019-10-08,5237.1816,7883037700.0
000852.XSHG,2019-10-09,5285.1493,8153773200.0
000852.XSHG,2019-10-10,5366.9254,9480331900.0
000852.XSHG,2019-10-11,5370.6541,10650553300.0
000852.XSHG,2019-10-14,5455.6064,12745390100.0
000852.XSHG,2019-10-15,5375.5288,12013337100.0
000852.XSHG,2019-10-16,5353.0154,10511124200.0
000852.XSHG,2019-10-17,5347.2673,9205192300.0
000852.XSHG,2019-10-18,5280.5324,10717643600.0
000852.XSHG,2019-10-21,5247.2982,9111191000.0
000852.XSHG,2019-10-22,5312.4584,9035044800.0
000852.XSHG,2019-10-23,5269.7225,9446403400.0
000852.XSHG,2019-10-24,5259.4545,9472291800.0
000852.XSHG,2019-10-25,5300.0943,10122951900.0
000852.XSHG,2019-10-28,5425.7542,13622488300.0
000852.XSHG,2019-10-29,5366.7544,15500445600.0
000852.XSHG,2019-10-30,5313.4166,13996647600.0
000852.XSHG,2019-10-31,5253.8811,11997982400.0
000852.XSHG,2019-11-01,5303.9905,10699498800.0
000852.XSHG,2019-11-04,5337.0832,11448948800.0
000852.XSHG,2019-11-05,5352.061,11388564600.0
000852.XSHG,2019-11-06,5304.8381,11117434900.0
000852.XSHG,2019-11-07,5340.1711,9669546000.0
000852.XSHG,2019-11-08,5321.7779,10409393300.0
000852.XSHG,2019-11-11,5183.5711,10690729400.0
000852.XSHG,2019-11-12,5196.7152,9395997400.0
000852.XSHG,2019-11-13,5181.4922,8665440000.0
000852.XSHG,2019-11-14,5216.6437,8958483400.0
000852.XSHG,2019-11-15,5152.5637,9472942900.0
000852.XSHG,2019-11-18,5189.3522,8567186200.0
000852.XSHG,2019-11-19,5286.1488,10437416700.0
000852.XSHG,2019-11-20,5259.4697,10626106900.0
000852.XSHG,2019-11-21,5250.665,9292371400.0
000852.XSHG,2019-11-22,5181.1093,11574788800.0
000852.XSHG,2019-11-25,5151.3684,10605378700.0
000852.XSHG,2019-11-26,5147.7282,9106891000.0
000852.XSHG,2019-11-27,5145.967,9186449800.0
000852.XSHG,2019-11-28,5131.1284,8509401600.0
000852.XSHG,2019-11-29,5126.6146,8018168000.0
000852.XSHG,2019-12-02,5137.7835,8177751900.0
000852.XSHG,2019-12-03,5171.3562,8573855100.0
000852.XSHG,2019-12-04,5179.6944,8762641800.0
000852.XSHG,2019-12-05,5238.1302,9945104400.0
000852.XSHG,2019-12-06,5275.5098,10039062000.0
000852.XSHG,2019-12-09,5294.2815,11232067900.0
000852.XSHG,2019-12-10,5326.3609,11820831300.0
000852.XSHG,2019-12-11,5304.8817,12116180900.0
000852.XSHG,2019-12-12,5304.4232,11940244400.0
000852.XSHG,2019-12-13,5375.9765,12208484900.0
000852.XSHG,2019-12-16,5476.9884,14687245900.0
000852.XSHG,2019-12-17,5545.6182,17754242100.0
000852.XSHG,2019-12-18,5543.787,16570245300.0
000852.XSHG,2019-12-19,5568.113,15413649500.0
000852.XSHG,2019-12-20,5501.1575,14977734500.0
000852.XSHG,2019-12-23,5377.0867,13218357900.0
000852.XSHG,2019-12-24,5471.7354,11281172700.0
000852.XSHG,2019-12-25,5504.4168,12468163500.0
000852.XSHG,2019-12-26,5543.6643,12444564400.0
000852.XSHG,2019-12-27,5498.9254,15551573800.0
000852.XSHG,2019-12-30,5529.9961,14341182000.0
000852.XSHG,2019-12-31,5567.033,13287012400.0
000852.XSHG,2020-01-02,5676.5579,17871256300.0
000852.XSHG,2020-01-03,5706.0438,17900681800.0
000852.XSHG,2020-01-06,5764.7334,20848750900.0
000852.XSHG,2020-01-07,5852.3609,20344034700.0
000852.XSHG,2020-01-08,5772.4742,21897406000.0
000852.XSHG,2020-01-09,5864.1821,18638846000.0
000852.XSHG,2020-01-10,5851.8928,16918594600.0
000852.XSHG,2020-01-13,5926.7222,16072879400.0
000852.XSHG,2020-01-14,5914.1131,17682232800.0
000852.XSHG,2020-01-15,5913.518,16008473700.0
000852.XSHG,2020-01-16,5902.1318,14795385900.0
000852.XSHG,2020-01-17,5879.4121,14281968600.0
000852.XSHG,2020-01-20,5954.8668,14836027900.0
000852.XSHG,2020-01-21,5901.8587,15633232100.0
000852.XSHG,2020-01-22,5919.587,16272830300.0
000852.XSHG,2020-01-23,5699.0083,18476262100.0
000852.XSHG,2020-02-03,5200.1624,8441654400.0
000852.XSHG,2020-02-04,5212.1,23820114700.0
000852.XSHG,2020-02-05,5348.3408,20794004100.0
000852.XSHG,2020-02-06,5515.6411,21848171700.0
000852.XSHG,2020-02-07,5583.5955,22692872800.0
000852.XSHG,2020-02-10,5661.5621,21806813300.0
000852.XSHG,2020-02-11,5623.2586,18815788000.0
000852.XSHG,2020-02-12,5754.2577,20227908600.0
000852.XSHG,2020-02-13,5707.5326,22191619700.0
000852.XSHG,2020-02-14,5727.8291,19967995500.0
000852.XSHG,2020-02-17,5936.4827,22891479400.0
000852.XSHG,2020-02-18,6072.1933,25409939100.0
000852.XSHG,2020-02-19,6018.0505,25932033000.0
000852.XSHG,2020-02-20,6134.388,24895394200.0
000852.XSHG,2020-02-21,6243.4783,27776725800.0
000852.XSHG,2020-02-24,6380.4145,29829951400.0
000852.XSHG,2020-02-25,6407.1434,34823976600.0
000852.XSHG,2020-02-26,6221.835,32709303500.0
000852.XSHG,2020-02-27,6232.089,26802921600.0
000852.XSHG,2020-02-28,5870.9664,28461592800.0
000852.XSHG,2020-03-02,6113.4111,24586545700.0
000852.XSHG,2020-03-03,6195.8915,29409319600.0
000852.XSHG,2020-03-04,6226.533,25445405400.0
000852.XSHG,2020-03-05,6315.8349,29607977600.0
000852.XSHG,2020-03-06,6296.7385,26626312800.0
000852.XSHG,2020-03-09,6049.6211,28718449000.0
000852.XSHG,2020-03-10,6206.408,28539620000.0
000852.XSHG,2020-03-11,6122.9093,26457680600.0
000852.XSHG,2020-03-12,5999.6395,21964603700.0
000852.XSHG,2020-03-13,5945.4645,25119164100.0
000852.XSHG,2020-03-16,5657.7747,24660465200.0
000852.XSHG,2020-03-17,5642.9188,20715772400.0
000852.XSHG,2020-03-18,5556.1082,20511482900.0
000852.XSHG,2020-03-19,5617.1948,19081576100.0
000852.XSHG,2020-03-20,5670.471,17274400000.0
000852.XSHG,2020-03-23,5416.5708,17033839300.0
000852.XSHG,2020-03-24,5517.2552,17545230600.0
000852.XSHG,2020-03-25,5646.6252,18211481100.0
000852.XSHG,2020-03-26,5595.4333,16599923400.0
000852.XSHG,2020-03-27,5553.6122,15439184200.0
000852.XSHG,2020-03-30,5415.4107,15955046300.0
000852.XSHG,2020-03-31,5427.1324,14180952400.0
000852.XSHG,2020-04-01,5403.303,14726358200.0
000852.XSHG,2020-04-02,5538.604,14593875900.0
000852.XSHG,2020-04-03,5507.1187,14057768900.0
000852.XSHG,2020-04-07,5695.1689,17892414200.0
000852.XSHG,2020-04-08,5718.1282,18330136700.0
000852.XSHG,2020-04-09,5789.2646,18252476100.0
000852.XSHG,2020-04-10,5637.5316,19147239800.0
000852.XSHG,2020-04-13,5578.856,13932857200.0
000852.XSHG,2020-04-14,5692.0009,14234415900.0
000852.XSHG,2020-04-15,5657.9482,16440192700.0
000852.XSHG,2020-04-16,5700.9604,15629419700.0
000852.XSHG,2020-04-17,5710.0533,18555204900.0
000852.XSHG,2020-04-20,5803.4021,16367996800.0
000852.XSHG,2020-04-21,5773.0079,17500151900.0
000852.XSHG,2020-04-22,5826.5596,16843960500.0
000852.XSHG,2020-04-23,5789.4817,18788635000.0
000852.XSHG,2020-04-24,5675.5096,18157207700.0
000852.XSHG,2020-04-27,5645.6565,14687442700.0
000852.XSHG,2020-04-28,5561.1976,18395212800.0
000852.XSHG,2020-04-29,5547.6279,14372431500.0
000852.XSHG,2020-04-30,5678.1658,16018605600.0
000852.XSHG,2020-05-06,5802.4187,16051535100.0
000852.XSHG,2020-05-07,5795.872,16231627500.0
000852.XSHG,2020-05-08,5862.7665,16139258500.0
000852.XSHG,2020-05-11,5851.8037,15806533600.0
000852.XSHG,2020-05-12,5869.5065,14183568700.0
000852.XSHG,2020-05-13,5917.0268,13957827800.0
000852.XSHG,2020-05-14,5863.2364,15897422600.0
000852.XSHG,2020-05-15,5889.9767,15518782700.0
000852.XSHG,2020-05-18,5860.0427,17578597700.0
000852.XSHG,2020-05-19,5936.5992,15177916900.0
000852.XSHG,2020-05-20,5865.8412,16171783700.0
000852.XSHG,2020-05-21,5791.6402,15229310200.0
000852.XSHG,2020-05-22,5683.9962,14384488000.0
000852.XSHG,2020-05-25,5671.9722,11587360800.0
000852.XSHG,2020-05-26,5808.5486,12507948300.0
000852.XSHG,2020-05-27,5772.0836,14594459900.0
000852.XSHG,2020-05-28,5758.9271,14901188000.0
000852.XSHG,2020-05-29,5816.4003,14623470200.0
000852.XSHG,2020-06-01,5993.7853,18280449000.0
000852.XSHG,2020-06-02,6002.8363,19495480300.0
000852.XSHG,2020-06-03,5994.6378,19295477800.0
000852.XSHG,2020-06-04,6006.7648,17202779400.0
000852.XSHG,2020-06-05,6015.3274,16312324600.0
000852.XSHG,2020-06-08,6001.4315,15746971000.0
000852.XSHG,2020-06-09,6042.3353,14730507700.0
000852.XSHG,2020-06-10,6049.322,14567019900.0
000852.XSHG,2020-06-11,6027.4085,16128105100.0
000852.XSHG,2020-06-12,6031.1709,15871794200.0
000852.XSHG,2020-06-15,6028.9556,16908477300.0
000852.XSHG,2020-06-16,6151.6855,16001462000.0
000852.XSHG,2020-06-17,6178.1413,17353970400.0
000852.XSHG,2020-06-18,6149.2892,16211222500.0
000852.XSHG,2020-06-19,6187.1082,15220599300.0
000852.XSHG,2020-06-22,6228.0162,16094475400.0
000852.XSHG,2020-06-23,6238.8971,15236380800.0
000852.XSHG,2020-06-24,6227.5693,14454046900.0
000852.XSHG,2020-06-29,6211.3813,14340756700.0
000852.XSHG,2020-06-30,6319.5558,14458378400.0
000852.XSHG,2020-07-01,6339.3685,17610873900.0
000852.XSHG,2020-07-02,6413.952,20817193800.0
000852.XSHG,2020-07-03,6478.3539,22104809600.0
000852.XSHG,2020-07-06,6725.9962,30489018600.0
000852.XSHG,2020-07-07,6817.865,33120512400.0
000852.XSHG,2020-07-08,6973.9967,30388302500.0
000852.XSHG,2020-07-09,7182.1769,34443886800.0
000852.XSHG,2020-07-10,7150.4243,31690907900.0
000852.XSHG,2020-07-13,7403.0857,31554426400.0
000852.XSHG,2020-07-14,7344.9876,33432813100.0
000852.XSHG,2020-07-15,7131.4636,30730102100.0
000852.XSHG,2020-07-16,6758.1403,28075548500.0
000852.XSHG,2020-07-17,6772.5322,20817642400.0
000852.XSHG,2020-07-20,7003.6672,21945062200.0
000852.XSHG,2020-07-21,7058.7908,21753656200.0
000852.XSHG,2020-07-22,7125.5686,22849891600.0
000852.XSHG,2020-07-23,7119.6711,24478342900.0
000852.XSHG,2020-07-24,6784.6347,26548176700.0
000852.XSHG,2020-07-27,6786.529,19146445900.0
000852.XSHG,2020-07-28,6857.9427,18486789000.0
000852.XSHG,2020-07-29,7060.5347,20431274300.0
000852.XSHG,2020-07-30,7048.9813,23419873500.0
000852.XSHG,2020-07-31,7141.592,23233124800.0
000852.XSHG,2020-08-03,7373.3412,27395145500.0
000852.XSHG,2020-08-04,7326.1893,27623209900.0
000852.XSHG,2020-08-05,7427.1891,24641110500.0
000852.XSHG,2020-08-06,7432.7659,25452674700.0
000852.XSHG,2020-08-07,7339.8113,24394617000.0
000852.XSHG,2020-08-10,7358.862,22589291400.0
000852.XSHG,2020-08-11,7213.4452,22992796400.0
000852.XSHG,2020-08-12,7092.355,21072632200.0
000852.XSHG,2020-08-13,7113.9297,19126992600.0
000852.XSHG,2020-08-14,7183.9582,17575777400.0
000852.XSHG,2020-08-17,7339.6933,20719241100.0
000852.XSHG,2020-08-18,7410.2411,21555541300.0
000852.XSHG,2020-08-19,7256.1312,21678439200.0
000852.XSHG,2020-08-20,7151.261,18339677300.0
000852.XSHG,2020-08-21,7194.274,17377455300.0
000852.XSHG,2020-08-24,7253.6399,16755194200.0
000852.XSHG,2020-08-25,7213.6824,19511571200.0
000852.XSHG,2020-08-26,7037.9776,19985957600.0
000852.XSHG,2020-08-27,7113.8036,17155919500.0
000852.XSHG,2020-08-28,7204.7816,17471327700.0
000852.XSHG,2020-08-31,7224.0458,18476684100.0
000852.XSHG,2020-09-01,7258.8872,16407265100.0
000852.XSHG,2020-09-02,7272.6243,19925596700.0
000852.XSHG,2020-09-03,7189.8606,18986375600.0
000852.XSHG,2020-09-04,7182.1053,17063784900.0
000852.XSHG,2020-09-07,7057.1942,21125997700.0
000852.XSHG,2020-09-08,7103.0863,21091053700.0
000852.XSHG,2020-09-09,6877.602,25871490900.0
000852.XSHG,2020-09-10,6633.8901,21505764300.0
000852.XSHG,2020-09-11,6742.0594,15113992800.0
000852.XSHG,2020-09-14,6848.3586,17106521100.0
000852.XSHG,2020-09-15,6881.5858,15449797100.0
000852.XSHG,2020-09-16,6812.9115,13682944900.0
000852.XSHG,2020-09-17,6825.1524,13896366100.0
000852.XSHG,2020-09-18,6929.7672,15199457400.0
000852.XSHG,2020-09-21,6927.1898,14768931400.0
000852.XSHG,2020-09-22,6815.777,13553451700.0
000852.XSHG,2020-09-23,6862.9655,11854065800.0
000852.XSHG,2020-09-24,6675.1518,13126805100.0
000852.XSHG,2020-09-25,6634.3886,10341091500.0
000852.XSHG,2020-09-28,6550.3689,9626415400.0
000852.XSHG,2020-09-29,6621.0317,9505152300.0
000852.XSHG,2020-09-30,6617.1587,9501852900.0
000852.XSHG,2020-10-09,6822.3647,12697323700.0
000852.XSHG,2020-10-12,7036.2753,17126716100.0
000852.XSHG,2020-10-13,7053.8711,14558491100.0
000852.XSHG,2020-10-14,6988.6091,13833573300.0
000852.XSHG,2020-10-15,6926.8462,12956364100.0
000852.XSHG,2020-10-16,6906.3883,11639218400.0
000852.XSHG,2020-10-19,6858.3558,12008458500.0
000852.XSHG,2020-10-20,6923.3842,11372651200.0
000852.XSHG,2020-10-21,6815.0928,11578726600.0
000852.XSHG,2020-10-22,6771.8073,10766059600.0
000852.XSHG,2020-10-23,6641.3292,11070876000.0
000852.XSHG,2020-10-26,6648.521,9866145200.0
000852.XSHG,2020-10-27,6682.5376,10070702600.0
000852.XSHG,2020-10-28,6685.429,11534988000.0
000852.XSHG,2020-10-29,6674.7417,11617539900.0
000852.XSHG,2020-10-30,6511.1579,13654516100.0
000852.XSHG,2020-11-02,6513.7878,12318731500.0
000852.XSHG,2020-11-03,6647.575,12533956300.0
000852.XSHG,2020-11-04,6632.6822,11303355200.0
000852.XSHG,2020-11-05,6754.9495,13653462900.0
000852.XSHG,2020-11-06,6688.6623,13860816500.0
000852.XSHG,2020-11-09,6851.9834,16767402900.0
000852.XSHG,2020-11-10,6779.4907,14637042100.0
000852.XSHG,2020-11-11,6663.7308,13092531400.0
000852.XSHG,2020-11-12,6676.4219,11264188100.0
000852.XSHG,2020-11-13,6686.3913,10934500500.0
000852.XSHG,2020-11-16,6747.8105,13565261300.0
000852.XSHG,2020-11-17,6681.7234,14332109700.0
000852.XSHG,2020-11-18,6682.1248,13444633200.0
000852.XSHG,2020-11-19,6718.4582,13493180500.0
000852.XSHG,2020-11-20,6766.0605,13316745900.0
000852.XSHG,2020-11-23,6807.7175,16603051000.0
000852.XSHG,2020-11-24,6807.9974,14345651700.0
000852.XSHG,2020-11-25,6691.8739,15166724900.0
000852.XSHG,2020-11-26,6643.1846,12494830600.0
000852.XSHG,2020-11-27,6641.7734,11905461800.0
000852.XSHG,2020-11-30,6622.3592,13080534200.0
000852.XSHG,2020-12-01,6713.2303,13454604200.0
000852.XSHG,2020-12-02,6735.712,14938445700.0
000852.XSHG,2020-12-03,6711.8429,13720424700.0
000852.XSHG,2020-12-04,6746.6295,11900514700.0
000852.XSHG,2020-12-07,6733.002,13005096600.0
000852.XSHG,2020-12-08,6734.372,11955885300.0
000852.XSHG,2020-12-09,6602.5166,14074752900.0
000852.XSHG,2020-12-10,6605.1915,12084997900.0
000852.XSHG,2020-12-11,6498.2391,14458634500.0
000852.XSHG,2020-12-14,6576.8161,11649276600.0
000852.XSHG,2020-12-15,6596.503,10713478700.0
000852.XSHG,2020-12-16,6543.3624,11856162000.0
000852.XSHG,2020-12-17,6597.8596,13578008400.0
000852.XSHG,2020-12-18,6573.4036,13370417400.0
000852.XSHG,2020-12-21,6691.5884,14360129000.0
000852.XSHG,2020-12-22,6549.9694,16141145400.0
000852.XSHG,2020-12-23,6601.2429,16301456300.0
000852.XSHG,2020-12-24,6496.3259,16088658600.0
000852.XSHG,2020-12-25,6561.2749,15456350700.0
000852.XSHG,2020-12-28,6519.4714,17427383900.0
000852.XSHG,2020-12-29,6477.2617,16500313900.0
000852.XSHG,2020-12-30,6526.8785,15029913400.0
000852.XSHG,2020-12-31,6646.4735,15630719100.0
000852.XSHG,2021-01-04,6798.7644,18320477500.0
000852.XSHG,2021-01-05,6807.4471,19724755600.0
000852.XSHG,2021-01-06,6724.9502,17908017300.0
000852.XSHG,2021-01-07,6616.5524,19368005100.0
000852.XSHG,2021-01-08,6585.3587,16181595000.0
000852.XSHG,2021-01-11,6475.9548,16670687200.0
000852.XSHG,2021-01-12,6564.7354,14036527100.0
000852.XSHG,2021-01-13,6513.6399,16212798100.0
000852.XSHG,2021-01-14,6506.8268,14719683600.0
000852.XSHG,2021-01-15,6528.461,13195464200.0
000852.XSHG,2021-01-18,6652.0961,13739315500.0
000852.XSHG,2021-01-19,6614.0707,15502935800.0
000852.XSHG,2021-01-20,6671.4485,13074877900.0
000852.XSHG,2021-01-21,6745.1085,15936071300.0
000852.XSHG,2021-01-22,6721.9167,15866799300.0
000852.XSHG,2021-01-25,6657.2723,16613397800.0
000852.XSHG,2021-01-26,6534.0973,14206631400.0
000852.XSHG,2021-01-27,6537.7538,13078977800.0
000852.XSHG,2021-01-28,6399.1265,13232084300.0
000852.XSHG,2021-01-29,6304.1181,14554654400.0
000852.XSHG,2021-02-01,6345.8142,13108684700.0
000852.XSHG,2021-02-02,6417.4609,12804083200.0
000852.XSHG,2021-02-03,6307.3903,13119254500.0
000852.XSHG,2021-02-04,6167.7466,13959661000.0
000852.XSHG,2021-02-05,6045.297,11979821700.0
000852.XSHG,2021-02-08,6088.8187,10357597800.0
000852.XSHG,2021-02-09,6254.0114,11141685200.0
000852.XSHG,2021-02-10,6303.3064,10544734800.0
000852.XSHG,2021-02-18,6404.5949,13911877300.0
000852.XSHG,2021-02-19,6527.6465,15549362600.0
000852.XSHG,2021-02-22,6534.5739,20359418300.0
000852.XSHG,2021-02-23,6489.9615,15848135800.0
000852.XSHG,2021-02-24,6437.8367,14939168500.0
000852.XSHG,2021-02-25,6399.3466,13507229300.0
000852.XSHG,2021-02-26,6325.4046,12320519500.0
000852.XSHG,2021-03-01,6495.1565,12896044000.0
000852.XSHG,2021-03-02,6466.6317,13622231700.0
000852.XSHG,2021-03-03,6553.596,13676620200.0
000852.XSHG,2021-03-04,6434.894,15019099700.0
000852.XSHG,2021-03-05,6456.2791,13990567300.0
000852.XSHG,2021-03-08,6327.6493,15681183900.0
000852.XSHG,2021-03-09,6126.2831,16175322400.0
000852.XSHG,2021-03-10,6078.2443,11796339900.0
000852.XSHG,2021-03-11,6219.6635,12496407600.0
000852.XSHG,2021-03-12,6220.4779,13767518300.0
000852.XSHG,2021-03-15,6177.7382,13359700000.0
000852.XSHG,2021-03-16,6233.463,13772592700.0
000852.XSHG,2021-03-17,6277.5814,12550453200.0
000852.XSHG,2021-03-18,6298.8857,12760111600.0
000852.XSHG,2021-03-19,6250.8147,12529013800.0
000852.XSHG,2021-03-22,6359.6002,13609673900.0
000852.XSHG,2021-03-23,6289.0012,14830455300.0
000852.XSHG,2021-03-24,6196.267,13798497600.0
000852.XSHG,2021-03-25,6190.712,12539292800.0
000852.XSHG,2021-03-26,6301.3414,12464182200.0
000852.XSHG,2021-03-29,6326.6093,12644983900.0
000852.XSHG,2021-03-30,6301.5848,12703021000.0
000852.XSHG,2021-03-31,6293.3922,10981059600.0
000852.XSHG,2021-04-01,6335.7913,11095929700.0
000852.XSHG,2021-04-02,6361.2515,11518962400.0
000852.XSHG,2021-04-06,6421.4868,11288252700.0
000852.XSHG,2021-04-07,6422.7617,12513473000.0
000852.XSHG,2021-04-08,6404.1284,13674180900.0
000852.XSHG,2021-04-09,6399.5218,12269098100.0
000852.XSHG,2021-04-12,6263.3991,13205254500.0
000852.XSHG,2021-04-13,6231.1394,12286997900.0
000852.XSHG,2021-04-14,6320.0672,11691981300.0
000852.XSHG,2021-04-15,6296.6084,11874239700.0
000852.XSHG,2021-04-16,6368.846,13526666200.0
000852.XSHG,2021-04-19,6477.388,14364291300.0
000852.XSHG,2021-04-20,6457.6294,13972047800.0
000852.XSHG,2021-04-21,6457.7147,11947708400.0
000852.XSHG,2021-04-22,6485.2112,11854616700.0
000852.XSHG,2021-04-23,6453.3025,12166910700.0
000852.XSHG,2021-04-26,6431.0888,13340611100.0
000852.XSHG,2021-04-27,6400.9046,12131435600.0
000852.XSHG,2021-04-28,6437.2467,12191802800.0
000852.XSHG,2021-04-29,6405.1028,12092734700.0
000852.XSHG,2021-04-30,6382.1364,13002767600.0
000852.XSHG,2021-05-06,6398.4374,12928360100.0
000852.XSHG,2021-05-07,6320.2529,15312525500.0
000852.XSHG,2021-05-10,6338.5735,15051568500.0
000852.XSHG,2021-05-11,6343.8627,14945482300.0
000852.XSHG,2021-05-12,6420.3372,13885037300.0
000852.XSHG,2021-05-13,6375.0148,15300173900.0
000852.XSHG,2021-05-14,6462.4764,15266433600.0
000852.XSHG,2021-05-17,6457.2768,14615663700.0
000852.XSHG,2021-05-18,6486.8215,12904832600.0
000852.XSHG,2021-05-19,6488.9489,13300842700.0
000852.XSHG,2021-05-20,6482.8358,14294658000.0
000852.XSHG,2021-05-21,6480.3741,13096837500.0
000852.XSHG,2021-05-24,6537.8571,13810949800.0
000852.XSHG,2021-05-25,6615.7141,14912761800.0
000852.XSHG,2021-05-26,6644.751,15571693600.0
000852.XSHG,2021-05-27,6705.0451,15446532300.0
000852.XSHG,2021-05-28,6694.3457,16867248200.0
000852.XSHG,2021-05-31,6814.3631,16189175500.0
000852.XSHG,2021-06-01,6854.7336,17271179400.0
000852.XSHG,2021-06-02,6759.459,17155376500.0
000852.XSHG,2021-06-03,6754.0697,16304712300.0
000852.XSHG,2021-06-04,6785.8035,15960557800.0
000852.XSHG,2021-06-07,6861.8502,15887154900.0
000852.XSHG,2021-06-08,6809.8642,16777735700.0
000852.XSHG,2021-06-09,6823.4073,15906720200.0
000852.XSHG,2021-06-10,6898.2061,17811669900.0
000852.XSHG,2021-06-11,6852.9728,19023079900.0
000852.XSHG,2021-06-15,6815.1187,16377857000.0
000852.XSHG,2021-06-16,6673.2446,15608627600.0
000852.XSHG,2021-06-17,6787.6684,14847683800.0
000852.XSHG,2021-06-18,6863.7156,15795893900.0
000852.XSHG,2021-06-21,6968.2963,15786900400.0
000852.XSHG,2021-06-22,7000.2518,16833405500.0
000852.XSHG,2021-06-23,7046.1745,16264950200.0
000852.XSHG,2021-06-24,6974.642,16206296200.0
000852.XSHG,2021-06-25,7000.4297,16377403200.0
000852.XSHG,2021-06-28,7063.4706,15211385000.0
000852.XSHG,2021-06-29,7004.3036,15595003400.0
000852.XSHG,2021-06-30,7083.6997,14862029400.0
000852.XSHG,2021-07-01,6969.5316,15517016400.0
000852.XSHG,2021-07-02,6908.9318,14422853300.0
000852.XSHG,2021-07-05,7006.6997,15076286500.0
000852.XSHG,2021-07-06,6979.0624,16213548500.0
000852.XSHG,2021-07-07,7089.6646,15367139300.0
000852.XSHG,2021-07-08,7099.4105,17404069600.0
000852.XSHG,2021-07-09,7142.8994,16940141200.0
000852.XSHG,2021-07-12,7284.2346,19246558700.0
000852.XSHG,2021-07-13,7331.7263,19209422800.0
000852.XSHG,2021-07-14,7243.8162,18869351800.0
000852.XSHG,2021-07-15,7241.6231,18187351100.0
000852.XSHG,2021-07-16,7228.3631,18277069600.0
000852.XSHG,2021-07-19,7205.2678,17703027200.0
000852.XSHG,2021-07-20,7253.2763,16314612100.0
000852.XSHG,2021-07-21,7398.8084,19046887700.0
000852.XSHG,2021-07-22,7446.4812,20372864900.0
000852.XSHG,2021-07-23,7379.7905,21922125300.0
000852.XSHG,2021-07-26,7286.1475,21285793600.0
000852.XSHG,2021-07-27,7093.8696,22192671900.0
000852.XSHG,2021-07-28,6945.5087,19727606100.0
000852.XSHG,2021-07-29,7207.4826,18269223000.0
000852.XSHG,2021-07-30,7262.383,20291730600.0
000852.XSHG,2021-08-02,7402.3541,21330014600.0
000852.XSHG,2021-08-03,7308.9553,20947082600.0
000852.XSHG,2021-08-04,7478.2072,18633411800.0
000852.XSHG,2021-08-05,7447.9394,19883115300.0
000852.XSHG,2021-08-06,7482.1737,18601512400.0
000852.XSHG,2021-08-09,7507.0824,18110888000.0
000852.XSHG,2021-08-10,7549.552,18904852800.0
000852.XSHG,2021-08-11,7605.9175,19635039200.0
000852.XSHG,2021-08-12,7657.5268,21025048300.0
000852.XSHG,2021-08-13,7641.9169,20800653000.0
000852.XSHG,2021-08-16,7568.1374,20156954500.0
000852.XSHG,2021-08-17,7360.033,20742680500.0
000852.XSHG,2021-08-18,7405.4856,17894054600.0
000852.XSHG,2021-08-19,7468.7727,18289032200.0
000852.XSHG,2021-08-20,7467.3611,17682235200.0
000852.XSHG,2021-08-23,7652.5587,20149165700.0
000852.XSHG,2021-08-24,7715.0732,21265851000.0
000852.XSHG,2021-08-25,7769.6268,20639831400.0
000852.XSHG,2021-08-26,7669.5282,22822141200.0
000852.XSHG,2021-08-27,7680.0781,21289123400.0
000852.XSHG,2021-08-30,7727.7454,23684182800.0
000852.XSHG,2021-08-31,7728.4217,23545550100.0
000852.XSHG,2021-09-01,7606.8742,26772353700.0
000852.XSHG,2021-09-02,7690.8589,22608652600.0
000852.XSHG,2021-09-03,7630.8413,26704451400.0
000852.XSHG,2021-09-06,7735.0996,22795410000.0
000852.XSHG,2021-09-07,7878.3488,22855960700.0
000852.XSHG,2021-09-08,7894.2516,25432178800.0
000852.XSHG,2021-09-09,7900.2375,23820173400.0
000852.XSHG,2021-09-10,7932.6512,24001630100.0
000852.XSHG,2021-09-13,7947.4812,23068519600.0
000852.XSHG,2021-09-14,7916.896,24322555400.0
000852.XSHG,2021-09-15,7972.2325,21345391600.0
000852.XSHG,2021-09-16,7754.9469,23666655100.0
000852.XSHG,2021-09-17,7730.2239,21423803200.0
000852.XSHG,2021-09-22,7769.0601,18273391500.0
000852.XSHG,2021-09-23,7806.8018,21240013500.0
000852.XSHG,2021-09-24,7695.6176,20646340900.0
000852.XSHG,2021-09-27,7467.8178,21318364600.0
000852.XSHG,2021-09-28,7468.7328,15806485000.0
000852.XSHG,2021-09-29,7199.1794,17255014500.0
000852.XSHG,2021-09-30,7405.4623,14644223300.0
000852.XSHG,2021-10-08,7425.6688,15946033700.0
000852.XSHG,2021-10-11,7384.8436,15060122100.0
000852.XSHG,2021-10-12,7208.473,15664367700.0
000852.XSHG,2021-10-13,7289.3627,13119152300.0
000852.XSHG,2021-10-14,7342.2544,12893072500.0
000852.XSHG,2021-10-15,7350.4129,14533493700.0
000852.XSHG,2021-10-18,7429.6256,14494820400.0
000852.XSHG,2021-10-19,7504.0545,15240811700.0
000852.XSHG,2021-10-20,7523.5614,15574373400.0
000852.XSHG,2021-10-21,7503.5343,15874247800.0
000852.XSHG,2021-10-22,7438.4806,16765695800.0
000852.XSHG,2021-10-25,7532.3726,15047217500.0
000852.XSHG,2021-10-26,7508.6886,16142746300.0
000852.XSHG,2021-10-27,7433.5459,16208633200.0
000852.XSHG,2021-10-28,7267.8506,16592507800.0
000852.XSHG,2021-10-29,7385.3049,15853455000.0
000852.XSHG,2021-11-01,7455.6105,17203325300.0
000852.XSHG,2021-11-02,7368.5999,18751341600.0
000852.XSHG,2021-11-03,7385.1994,14561900800.0
000852.XSHG,2021-11-04,7483.6923,16171792700.0
000852.XSHG,2021-11-05,7389.5866,18167756600.0
000852.XSHG,2021-11-08,7422.9067,15205165100.0
000852.XSHG,2021-11-09,7531.9583,15557024400.0
000852.XSHG,2021-11-10,7535.2279,16680926800.0
000852.XSHG,2021-11-11,7593.7315,17115319400.0
000852.XSHG,2021-11-12,7697.8082,17374679000.0
000852.XSHG,2021-11-15,7676.4847,18955364900.0
000852.XSHG,2021-11-16,7589.1814,17701306500.0
000852.XSHG,2021-11-17,7725.0924,17482428800.0
000852.XSHG,2021-11-18,7714.7966,19850444800.0
000852.XSHG,2021-11-19,7803.7626,18800112600.0
000852.XSHG,2021-11-22,7947.3717,19040027000.0
000852.XSHG,2021-11-23,7941.5587,19342204500.0
000852.XSHG,2021-11-24,7938.7737,18860567800.0
000852.XSHG,2021-11-25,7925.7602,17583815700.0
000852.XSHG,2021-11-26,7940.7888,17391684700.0
000852.XSHG,2021-11-29,7999.8331,17645340900.0
000852.XSHG,2021-11-30,8054.2904,19756264300.0
000852.XSHG,2021-12-01,8055.8207,18907493000.0
000852.XSHG,2021-12-02,7968.235,18467244800.0
000852.XSHG,2021-12-03,8023.9634,17906301600.0
000852.XSHG,2021-12-06,7906.7563,19152032800.0
000852.XSHG,2021-12-07,7781.4416,18238999500.0
000852.XSHG,2021-12-08,7922.5518,16130705000.0
000852.XSHG,2021-12-09,7931.7565,18125222100.0
000852.XSHG,2021-12-10,7949.1249,17346576300.0
000852.XSHG,2021-12-13,7984.8993,18952205800.0
000852.XSHG,2021-12-14,7981.8275,19321250900.0
000852.XSHG,2021-12-15,7955.5813,20020703500.0
000852.XSHG,2021-12-16,8005.9752,19486519800.0
000852.XSHG,2021-12-17,7894.1034,20230367600.0
000852.XSHG,2021-12-20,7751.9508,19900830200.0
000852.XSHG,2021-12-21,7849.0325,19146057700.0
000852.XSHG,2021-12-22,7930.8115,20594218500.0
000852.XSHG,2021-12-23,7932.6616,20291062300.0
000852.XSHG,2021-12-24,7776.6064,21213231600.0
000852.XSHG,2021-12-27,7776.4312,17543192800.0
000852.XSHG,2021-12-28,7863.5299,17074459800.0
000852.XSHG,2021-12-29,7855.4293,17227311100.0
000852.XSHG,2021-12-30,7924.5275,17854590400.0
000852.XSHG,2021-12-31,8010.3235,18960290300.0
000852.XSHG,2022-01-04,7983.0677,22595770600.0
000852.XSHG,2022-01-05,7781.6778,21879149500.0
000852.XSHG,2022-01-06,7844.5166,19273502800.0
000852.XSHG,2022-01-07,7682.6973,21444128100.0
000852.XSHG,2022-01-10,7734.1865,18311847400.0
000852.XSHG,2022-01-11,7646.6932,18425667700.0
000852.XSHG,2022-01-12,7779.5237,17902877000.0
000852.XSHG,2022-01-13,7644.7873,19671881300.0
000852.XSHG,2022-01-14,7675.3707,19543728600.0
000852.XSHG,2022-01-17,7808.0861,19904867000.0
000852.XSHG,2022-01-18,7758.6048,22194515200.0
000852.XSHG,2022-01-19,7665.1848,18817084400.0
000852.XSHG,2022-01-20,7492.6095,19987617500.0
000852.XSHG,2022-01-21,7388.7443,17662856700.0
000852.XSHG,2022-01-24,7425.402,15441582700.0
000852.XSHG,2022-01-25,7133.0663,17857699900.0
000852.XSHG,2022-01-26,7171.0289,14307247500.0
000852.XSHG,2022-01-27,6960.1096,14678637100.0
000852.XSHG,2022-01-28,6973.0104,13898434400.0
000852.XSHG,2022-02-07,7061.6204,14550630500.0
000852.XSHG,2022-02-08,7080.6181,16090040200.0
000852.XSHG,2022-02-09,7211.4299,17239973100.0
000852.XSHG,2022-02-10,7175.6171,16578145400.0
000852.XSHG,2022-02-11,7033.8514,16861516500.0
000852.XSHG,2022-02-14,7006.0752,14721781200.0
000852.XSHG,2022-02-15,7124.8489,14329760100.0
000852.XSHG,2022-02-16,7183.1058,14718897200.0
000852.XSHG,2022-02-17,7220.6066,16594406800.0
000852.XSHG,2022-02-18,7251.7923,15609702700.0
000852.XSHG,2022-02-21,7334.5912,16984784800.0
000852.XSHG,2022-02-22,7279.2355,17950263400.0
000852.XSHG,2022-02-23,7450.3998,18273048500.0
000852.XSHG,2022-02-24,7285.1172,25572058500.0
000852.XSHG,2022-02-25,7361.9573,17775700400.0
000852.XSHG,2022-02-28,7419.8306,16740203000.0
000852.XSHG,2022-03-01,7429.4432,16618706100.0
000852.XSHG,2022-03-02,7414.3087,16020992100.0
000852.XSHG,2022-03-03,7342.6135,18318194700.0
000852.XSHG,2022-03-04,7241.5625,17843841900.0
000852.XSHG,2022-03-07,7085.7316,16605177500.0
000852.XSHG,2022-03-08,6871.2202,19196062700.0
000852.XSHG,2022-03-09,6796.0393,21326191400.0
000852.XSHG,2022-03-10,6952.5204,18535447100.0
000852.XSHG,2022-03-11,6990.7781,18099318400.0
000852.XSHG,2022-03-14,6800.5947,16266211800.0
000852.XSHG,2022-03-15,6473.4807,19575081400.0
000852.XSHG,2022-03-16,6692.9664,19755896700.0
000852.XSHG,2022-03-17,6818.5448,20505438900.0
000852.XSHG,2022-03-18,6879.3659,17389040500.0
000852.XSHG,2022-03-21,6954.4056,17942838800.0
000852.XSHG,2022-03-22,6923.4427,17845627100.0
000852.XSHG,2022-03-23,6966.9526,17594221200.0
000852.XSHG,2022-03-24,6900.8066,17591786500.0
000852.XSHG,2022-03-25,6819.8127,17381859700.0
000852.XSHG,2022-03-28,6767.2513,16839860900.0
000852.XSHG,2022-03-29,6725.677,16620169600.0
000852.XSHG,2022-03-30,6864.7486,17132580300.0
000852.XSHG,2022-03-31,6772.0652,19567908400.0
000852.XSHG,2022-04-01,6772.6042,17153058600.0
000852.XSHG,2022-04-06,6764.2883,17993276300.0
000852.XSHG,2022-04-07,6623.5857,18843268400.0
000852.XSHG,2022-04-08,6575.2832,19157407400.0
000852.XSHG,2022-04-11,6328.0652,20420829200.0
000852.XSHG,2022-04-12,6414.4186,19367685700.0
000852.XSHG,2022-04-13,6286.2509,18443405000.0
000852.XSHG,2022-04-14,6359.7083,17575473200.0
000852.XSHG,2022-04-15,6275.0725,19000752100.0
000852.XSHG,2022-04-18,6326.0246,15896483600.0
000852.XSHG,2022-04-19,6345.7861,15094162800.0
000852.XSHG,2022-04-20,6234.2514,16535743000.0
000852.XSHG,2022-04-21,5981.3843,17345490600.0
000852.XSHG,2022-04-22,5891.8083,14472919500.0
000852.XSHG,2022-04-25,5431.6079,18316667300.0
000852.XSHG,2022-04-26,5266.5515,17832332200.0
000852.XSHG,2022-04-27,5540.7173,19292727100.0
000852.XSHG,2022-04-28,5493.9075,16971405800.0
000852.XSHG,2022-04-29,5734.4931,18666054900.0
000852.XSHG,2022-05-05,5836.9281,16893297500.0
000852.XSHG,2022-05-06,5764.6919,15419636300.0
000852.XSHG,2022-05-09,5840.8902,13894347400.0
000852.XSHG,2022-05-10,5950.6674,16963005400.0
000852.XSHG,2022-05-11,6003.0282,20631109300.0
000852.XSHG,2022-05-12,6034.5727,16680991900.0
000852.XSHG,2022-05-13,6071.6673,15470886300.0
000852.XSHG,2022-05-16,6082.8819,15881493700.0
000852.XSHG,2022-05-17,6118.4572,16098087200.0
000852.XSHG,2022-05-18,6127.8036,15180257000.0
000852.XSHG,2022-05-19,6180.1862,16151231400.0
000852.XSHG,2022-05-20,6263.4432,16785941700.0
000852.XSHG,2022-05-23,6343.4672,16486654400.0
000852.XSHG,2022-05-24,6081.6423,19839760000.0
000852.XSHG,2022-05-25,6188.2694,16135372500.0
000852.XSHG,2022-05-26,6227.0994,16844023500.0
000852.XSHG,2022-05-27,6210.0937,17056578300.0
000852.XSHG,2022-05-30,6282.3554,15920076000.0
000852.XSHG,2022-05-31,6353.3468,17355118000.0
000852.XSHG,2022-06-01,6373.3182,17299185200.0
000852.XSHG,2022-06-02,6442.9338,16494743300.0
000852.XSHG,2022-06-06,6604.9759,18317628200.0
000852.XSHG,2022-06-07,6597.8349,18767937200.0
000852.XSHG,2022-06-08,6608.8922,19632241500.0
000852.XSHG,2022-06-09,6490.3753,17804143900.0
000852.XSHG,2022-06-10,6627.7477,17692093600.0
000852.XSHG,2022-06-13,6674.8036,20085724100.0
000852.XSHG,2022-06-14,6665.253,20722404500.0
000852.XSHG,2022-06-15,6653.7617,22859663500.0
000852.XSHG,2022-06-16,6696.7629,20419071000.0
000852.XSHG,2022-06-17,6774.7375,19554498400.0
000852.XSHG,2022-06-20,6848.7548,20285537800.0
000852.XSHG,2022-06-21,6779.1447,19610562200.0
000852.XSHG,2022-06-22,6691.8118,17949715700.0
000852.XSHG,2022-06-23,6845.4548,19268003200.0
000852.XSHG,2022-06-24,6931.6542,19953205300.0
000852.XSHG,2022-06-27,7002.934,20925864300.0
000852.XSHG,2022-06-28,7079.7247,21470714400.0
000852.XSHG,2022-06-29,6900.9926,22928002500.0
000852.XSHG,2022-06-30,6995.5297,19246161000.0
000852.XSHG,2022-07-01,6994.5009,17805449400.0
000852.XSHG,2022-07-04,7076.3219,18118035700.0
000852.XSHG,2022-07-05,7036.002,20439861000.0
000852.XSHG,2022-07-06,6953.9802,18211458500.0
000852.XSHG,2022-07-07,7041.8666,17030424200.0
000852.XSHG,2022-07-08,7000.785,17451569000.0
000852.XSHG,2022-07-11,6893.6346,17454946200.0
000852.XSHG,2022-07-12,6779.5552,16805720000.0
000852.XSHG,2022-07-13,6834.9024,16726815300.0
000852.XSHG,2022-07-14,6920.8735,18406491500.0
000852.XSHG,2022-07-15,6852.8163,19862573500.0
000852.XSHG,2022-07-18,6953.9319,18204798500.0
000852.XSHG,2022-07-19,7009.3239,18224049200.0
000852.XSHG,2022-07-20,7110.1043,18153371900.0
000852.XSHG,2022-07-21,7075.2943,19676974000.0
000852.XSHG,2022-07-22,7034.5975,17303097300.0
000852.XSHG,2022-07-25,6948.9088,16239084400.0
000852.XSHG,2022-07-26,7027.4189,14721844500.0
000852.XSHG,2022-07-27,7099.4335,15226912800.0
000852.XSHG,2022-07-28,7150.198,18035430500.0
000852.XSHG,2022-07-29,7117.4341,17684117900.0
000852.XSHG,2022-08-01,7180.4544,16280303200.0
000852.XSHG,2022-08-02,6957.9819,22308828700.0
000852.XSHG,2022-08-03,6916.6704,19904630100.0
000852.XSHG,2022-08-04,6960.3118,15789606500.0
000852.XSHG,2022-08-05,7090.0027,17084849600.0
000852.XSHG,2022-08-08,7176.105,15856130500.0
000852.XSHG,2022-08-09,7207.3961,16291287800.0
000852.XSHG,2022-08-10,7212.0752,15963661800.0
000852.XSHG,2022-08-11,7294.4863,17950620700.0
000852.XSHG,2022-08-12,7228.8345,18128890500.0
000852.XSHG,2022-08-15,7283.5,16908259700.0
000852.XSHG,2022-08-16,7324.6198,18367482000.0
000852.XSHG,2022-08-17,7328.6735,18361214000.0
000852.XSHG,2022-08-18,7351.4373,17637769200.0
000852.XSHG,2022-08-19,7234.4052,19077446600.0
000852.XSHG,2022-08-22,7288.5766,17266760300.0
000852.XSHG,2022-08-23,7306.0209,17106706900.0
000852.XSHG,2022-08-24,7039.4103,20752160200.0
000852.XSHG,2022-08-25,7016.3057,17435131200.0
000852.XSHG,2022-08-26,6980.1803,16172503600.0
000852.XSHG,2022-08-29,7021.3148,15357144500.0
000852.XSHG,2022-08-30,6976.7218,15383292500.0
000852.XSHG,2022-08-31,6750.7429,16655993000.0
000852.XSHG,2022-09-01,6717.1001,13682129000.0
000852.XSHG,2022-09-02,6776.8268,12855538300.0
000852.XSHG,2022-09-05,6791.0921,13191103900.0
000852.XSHG,2022-09-06,6919.6464,14434432500.0
000852.XSHG,2022-09-07,6963.5196,14299835000.0
000852.XSHG,2022-09-08,6897.0996,13301460300.0
000852.XSHG,2022-09-09,6913.579,13094077700.0
000852.XSHG,2022-09-13,6904.0775,12598258300.0
000852.XSHG,2022-09-14,6829.5579,12130940700.0
000852.XSHG,2022-09-15,6619.1888,16063456200.0
000852.XSHG,2022-09-16,6481.2442,13570416900.0
000852.XSHG,2022-09-19,6399.8014,10793418100.0
000852.XSHG,2022-09-20,6482.1313,9989803400.0
000852.XSHG,2022-09-21,6480.6023,10560009300.0
000852.XSHG,2022-09-22,6487.2748,10514698800.0
000852.XSHG,2022-09-23,6363.6835,11196568500.0
000852.XSHG,2022-09-26,6283.5925,11045349300.0
000852.XSHG,2022-09-27,6409.776,10603349400.0
000852.XSHG,2022-09-28,6211.1091,10496007700.0
000852.XSHG,2022-09-29,6228.7788,10573074400.0
000852.XSHG,2022-09-30,6124.8639,9256460000.0
000852.XSHG,2022-10-10,5984.5008,10244813700.0
000852.XSHG,2022-10-11,6017.7194,9423800100.0
000852.XSHG,2022-10-12,6192.6534,12005305300.0
000852.XSHG,2022-10-13,6252.2225,12870090600.0
000852.XSHG,2022-10-14,6406.4573,14180202600.0
000852.XSHG,2022-10-17,6472.4511,13244462800.0
000852.XSHG,2022-10-18,6508.5038,12992094600.0
000852.XSHG,2022-10-19,6461.1462,12464738100.0
000852.XSHG,2022-10-20,6429.7042,13352498600.0
000852.XSHG,2022-10-21,6432.3255,11987978100.0
000852.XSHG,2022-10-24,6378.4323,14135712600.0
000852.XSHG,2022-10-25,6355.7784,12932141000.0
000852.XSHG,2022-10-26,6491.6916,15066389200.0
000852.XSHG,2022-10-27,6461.6098,14677382200.0
000852.XSHG,2022-10-28,6239.9316,15612049500.0
000852.XSHG,2022-10-31,6292.6191,14587478800.0
000852.XSHG,2022-11-01,6439.8223,15226299000.0
000852.XSHG,2022-11-02,6524.5136,16256856300.0
000852.XSHG,2022-11-03,6566.8413,14151370400.0
000852.XSHG,2022-11-04,6709.6446,16506243400.0
000852.XSHG,2022-11-07,6713.6375,16025494700.0
000852.XSHG,2022-11-08,6694.9562,13547178700.0
000852.XSHG,2022-11-09,6676.0079,12656456500.0
000852.XSHG,2022-11-10,6603.3086,14213764500.0
000852.XSHG,2022-11-11,6643.4817,19164896600.0
000852.XSHG,2022-11-14,6599.6655,17430398500.0
000852.XSHG,2022-11-15,6752.5127,17093916000.0
000852.XSHG,2022-11-16,6702.041,15502116300.0
000852.XSHG,2022-11-17,6714.5035,15919125300.0
000852.XSHG,2022-11-18,6658.4005,16810522100.0
000852.XSHG,2022-11-21,6689.3254,13715526500.0
000852.XSHG,2022-11-22,6583.2332,15085322600.0
000852.XSHG,2022-11-23,6567.9934,14436622800.0
000852.XSHG,2022-11-24,6586.8576,12619733200.0
000852.XSHG,2022-11-25,6512.1619,12457939600.0
000852.XSHG,2022-11-28,6492.712,12988178000.0
000852.XSHG,2022-11-29,6594.3225,15744830100.0
000852.XSHG,2022-11-30,6590.3067,15540313600.0
000852.XSHG,2022-12-01,6658.4265,16215067800.0
000852.XSHG,2022-12-02,6680.5415,14942402800.0
000852.XSHG,2022-12-05,6714.367,17891502500.0
000852.XSHG,2022-12-06,6703.5524,15481011400.0
000852.XSHG,2022-12-07,6705.2873,15598928100.0
000852.XSHG,2022-12-08,6662.3441,14861163200.0
000852.XSHG,2022-12-09,6680.3752,16034916400.0
000852.XSHG,2022-12-12,6655.6737,15365306800.0
000852.XSHG,2022-12-13,6593.6675,14969272300.0
000852.XSHG,2022-12-14,6570.0183,13966493100.0
000852.XSHG,2022-12-15,6597.5505,12885054400.0
000852.XSHG,2022-12-16,6519.4361,13443484900.0
000852.XSHG,2022-12-19,6390.77,13548597200.0
000852.XSHG,2022-12-20,6341.5833,11000860600.0
000852.XSHG,2022-12-21,6289.1361,10272973500.0
000852.XSHG,2022-12-22,6186.9277,11324545600.0
000852.XSHG,2022-12-23,6160.7451,9709472900.0
000852.XSHG,2022-12-26,6275.5244,10003121000.0
000852.XSHG,2022-12-27,6325.6279,10927050000.0
000852.XSHG,2022-12-28,6268.4658,10526387400.0
000852.XSHG,2022-12-29,6261.8292,10238221100.0
000852.XSHG,2022-12-30,6281.6209,9714649600.0
000852.XSHG,2023-01-03,6423.7013,13318168000.0
000852.XSHG,2023-01-04,6421.2767,13104009300.0
000852.XSHG,2023-01-05,6485.4688,12166152600.0
000852.XSHG,2023-01-06,6500.3203,12938399700.0
000852.XSHG,2023-01-09,6535.7493,12204787100.0
000852.XSHG,2023-01-10,6540.2008,11162812100.0
000852.XSHG,2023-01-11,6486.9049,11288294200.0
000852.XSHG,2023-01-12,6489.5702,10493747000.0
000852.XSHG,2023-01-13,6517.5132,11076193600.0
000852.XSHG,2023-01-16,6591.8056,14107088800.0
000852.XSHG,2023-01-17,6597.4946,10842111100.0
000852.XSHG,2023-01-18,6613.005,10583467400.0
000852.XSHG,2023-01-19,6676.0803,10758956000.0
000852.XSHG,2023-01-20,6736.8515,12276268200.0
000852.XSHG,2023-01-30,6786.453,17076933200.0
000852.XSHG,2023-01-31,6805.2756,14771234600.0
000852.XSHG,2023-02-01,6916.7204,16965166100.0
000852.XSHG,2023-02-02,6933.2257,16713398600.0
000852.XSHG,2023-02-03,6925.076,15755888000.0
000852.XSHG,2023-02-06,6891.413,14605902700.0
000852.XSHG,2023-02-07,6924.3213,15010875200.0
000852.XSHG,2023-02-08,6877.7247,13851073100.0
000852.XSHG,2023-02-09,6999.1821,14914769700.0
000852.XSHG,2023-02-10,6975.3945,15243205100.0
000852.XSHG,2023-02-13,7052.1766,16084848000.0
000852.XSHG,2023-02-14,7061.449,15178643800.0
000852.XSHG,2023-02-15,7063.6048,15977932800.0
000852.XSHG,2023-02-16,6925.2034,21738161700.0
000852.XSHG,2023-02-17,6868.5477,17265690200.0
000852.XSHG,2023-02-20,6959.3609,16561437900.0
000852.XSHG,2023-02-21,6990.4751,17169094600.0
000852.XSHG,2023-02-22,6998.4298,14460101600.0
000852.XSHG,2023-02-23,6966.7866,14186246700.0
000852.XSHG,2023-02-24,6944.824,12107882600.0
000852.XSHG,2023-02-27,6894.2959,12930093900.0
000852.XSHG,2023-02-28,6955.5737,13103602500.0
000852.XSHG,2023-03-01,7002.7711,15590855500.0
000852.XSHG,2023-03-02,6972.3062,16650570800.0
000852.XSHG,2023-03-03,6967.94,15459824700.0
000852.XSHG,2023-03-06,6997.0444,15031713400.0
000852.XSHG,2023-03-07,6855.3435,15975778000.0
000852.XSHG,2023-03-08,6891.4556,12128060000.0
000852.XSHG,2023-03-09,6892.8565,12667126100.0
000852.XSHG,2023-03-10,6798.2987,14033859100.0
000852.XSHG,2023-03-13,6832.621,14119118700.0
000852.XSHG,2023-03-14,6769.8491,15633643500.0
000852.XSHG,2023-03-15,6803.4738,13914701000.0
000852.XSHG,2023-03-16,6689.7826,14188184500.0
000852.XSHG,2023-03-17,6736.3672,16153534500.0
000852.XSHG,2023-03-20,6721.4545,17531344100.0
000852.XSHG,2023-03-21,6809.3913,14658493500.0
000852.XSHG,2023-03-22,6840.3262,16031826700.0
000852.XSHG,2023-03-23,6868.8345,16544805600.0
000852.XSHG,2023-03-24,6867.9521,18168022900.0
000852.XSHG,2023-03-27,6886.6891,19506440300.0
000852.XSHG,2023-03-28,6825.3831,17046883700.0
000852.XSHG,2023-03-29,6806.2811,16080659500.0
000852.XSHG,2023-03-30,6807.6446,14617575600.0
000852.XSHG,2023-03-31,6875.8083,15158195000.0
000852.XSHG,2023-04-03,6962.2048,19455447700.0
000852.XSHG,2023-04-04,6953.3625,21321196200.0
000852.XSHG,2023-04-06,6983.0265,19100949400.0
000852.XSHG,2023-04-07,7042.8904,16743732000.0
000852.XSHG,2023-04-10,6968.5725,18100786800.0
000852.XSHG,2023-04-11,6984.1419,16279396500.0
000852.XSHG,2023-04-12,7021.0163,18030093800.0
000852.XSHG,2023-04-13,6966.8182,18293674600.0
000852.XSHG,2023-04-14,7020.0943,17475180200.0
000852.XSHG,2023-04-17,7012.773,17346310100.0
000852.XSHG,2023-04-18,6997.0715,16027809500.0
000852.XSHG,2023-04-19,6965.5757,16896811700.0
000852.XSHG,2023-04-20,6963.8986,17424078500.0
000852.XSHG,2023-04-21,6773.5121,19317732400.0
000852.XSHG,2023-04-24,6725.2706,17236563900.0
000852.XSHG,2023-04-25,6603.2389,19439982000.0
000852.XSHG,2023-04-26,6624.4004,18456174500.0
000852.XSHG,2023-04-27,6633.4926,17420209100.0
000852.XSHG,2023-04-28,6723.3045,18902761600.0
000852.XSHG,2023-05-04,6733.9694,20213704700.0
000852.XSHG,2023-05-05,6653.6532,18587696200.0
000852.XSHG,2023-05-08,6702.4999,20420461900.0
000852.XSHG,2023-05-09,6611.6367,21751823800.0
000852.XSHG,2023-05-10,6627.3114,17230127700.0
000852.XSHG,2023-05-11,6622.5211,15580515500.0
000852.XSHG,2023-05-12,6535.9439,15332911500.0
000852.XSHG,2023-05-15,6585.9102,16112681900.0
000852.XSHG,2023-05-16,6516.2886,14243410700.0
000852.XSHG,2023-05-17,6554.9802,12577806300.0
000852.XSHG,2023-05-18,6583.7382,14436880100.0
000852.XSHG,2023-05-19,6602.3174,13543298900.0
000852.XSHG,2023-05-22,6595.9844,13119854300.0
000852.XSHG,2023-05-23,6528.4533,12859551700.0
000852.XSHG,2023-05-24,6513.1817,12585509300.0
000852.XSHG,2023-05-25,6501.0001,13583464300.0
000852.XSHG,2023-05-26,6546.4083,12627561700.0
000852.XSHG,2023-05-29,6534.1166,15248265700.0
000852.XSHG,2023-05-30,6564.4686,15131765100.0
000852.XSHG,2023-05-31,6561.6487,14296836400.0
000852.XSHG,2023-06-01,6574.7576,15396233900.0
000852.XSHG,2023-06-02,6626.2794,14926360400.0
000852.XSHG,2023-06-05,6632.9556,13715059400.0
000852.XSHG,2023-06-06,6489.8113,15175795900.0
000852.XSHG,2023-06-07,6488.5574,13140470900.0
000852.XSHG,2023-06-08,6442.4819,13558307000.0
000852.XSHG,2023-06-09,6495.5639,15197757900.0
000852.XSHG,2023-06-12,6530.1606,14515322000.0
000852.XSHG,2023-06-13,6554.9567,14563630100.0
000852.XSHG,2023-06-14,6578.1228,14919593100.0
000852.XSHG,2023-06-15,6613.9549,14795542700.0
000852.XSHG,2023-06-16,6669.0051,15570868900.0
000852.XSHG,2023-06-19,6693.299,16802575500.0
000852.XSHG,2023-06-20,6693.9147,15886065300.0
000852.XSHG,2023-06-21,6548.4066,15398394400.0
000852.XSHG,2023-06-26,6420.9726,15473268800.0
000852.XSHG,2023-06-27,6507.2728,13560711900.0
000852.XSHG,2023-06-28,6475.505,14580838500.0
000852.XSHG,2023-06-29,6520.0393,13525214500.0
000852.XSHG,2023-06-30,6602.0372,14449892400.0
000852.XSHG,2023-07-03,6612.8844,16097735600.0
000852.XSHG,2023-07-04,6638.4471,13974279500.0
000852.XSHG,2023-07-05,6584.4232,13305228000.0
000852.XSHG,2023-07-06,6567.0789,12407726800.0
000852.XSHG,2023-07-07,6521.4265,12359954100.0
000852.XSHG,2023-07-10,6526.8519,12045093600.0
000852.XSHG,2023-07-11,6579.3695,11960364400.0
000852.XSHG,2023-07-12,6482.9867,14020447100.0
000852.XSHG,2023-07-13,6548.3129,13511775700.0
000852.XSHG,2023-07-14,6544.4593,13563197100.0
000852.XSHG,2023-07-17,6516.56,12640877300.0
000852.XSHG,2023-07-18,6510.0341,11996865300.0
000852.XSHG,2023-07-19,6492.3487,10913633500.0
000852.XSHG,2023-07-20,6408.7598,12215096200.0
000852.XSHG,2023-07-21,6401.4168,11359084900.0
000852.XSHG,2023-07-24,6393.7938,10904946500.0
000852.XSHG,2023-07-25,6498.2688,14736572700.0
000852.XSHG,2023-07-26,6457.2535,14958352200.0
000852.XSHG,2023-07-27,6407.5461,14462435800.0
000852.XSHG,2023-07-28,6465.3763,15726753200.0
000852.XSHG,2023-07-31,6515.8486,18381598000.0
000852.XSHG,2023-08-01,6507.4124,18432646400.0
000852.XSHG,2023-08-02,6496.0222,16864628900.0
000852.XSHG,2023-08-03,6499.5448,16347139500.0
000852.XSHG,2023-08-04,6535.322,19462299900.0
000852.XSHG,2023-08-07,6503.9825,16891941200.0
000852.XSHG,2023-08-08,6471.3444,14274341400.0
000852.XSHG,2023-08-09,6420.9768,13231946700.0
000852.XSHG,2023-08-10,6426.8142,13195769200.0
000852.XSHG,2023-08-11,6304.6354,14901672900.0
000852.XSHG,2023-08-14,6319.4073,13839222100.0
000852.XSHG,2023-08-15,6261.7333,12270310700.0
000852.XSHG,2023-08-16,6186.4029,12495875900.0
000852.XSHG,2023-08-17,6247.6011,12913523800.0
000852.XSHG,2023-08-18,6117.1074,13921253900.0
000852.XSHG,2023-08-21,6057.1708,11709169600.0
000852.XSHG,2023-08-22,6099.1948,14428242200.0
000852.XSHG,2023-08-23,5973.6711,12842238200.0
000852.XSHG,2023-08-24,5987.9663,13419745100.0
000852.XSHG,2023-08-25,5879.0268,14011710800.0
000852.XSHG,2023-08-28,5922.1617,21087009800.0
000852.XSHG,2023-08-29,6108.7589,18668957600.0
000852.XSHG,2023-08-30,6139.6265,16749956000.0
000852.XSHG,2023-08-31,6104.2953,14304040900.0
000852.XSHG,2023-09-01,6107.1996,12401705300.0
000852.XSHG,2023-09-04,6198.7623,15550728100.0
000852.XSHG,2023-09-05,6167.6421,14106799900.0
000852.XSHG,2023-09-06,6195.3828,12971766400.0
000852.XSHG,2023-09-07,6083.4893,13225411600.0
000852.XSHG,2023-09-08,6102.4883,11891827900.0
000852.XSHG,2023-09-11,6182.6433,14400329900.0
000852.XSHG,2023-09-12,6184.606,12051225300.0
000852.XSHG,2023-09-13,6103.137,12503267600.0
000852.XSHG,2023-09-14,6068.7131,11444184400.0
000852.XSHG,2023-09-15,6079.0632,12419690300.0
000852.XSHG,2023-09-18,6083.9692,11839445700.0
000852.XSHG,2023-09-19,6031.0416,11274599300.0
000852.XSHG,2023-09-20,5982.5578,10572797400.0
000852.XSHG,2023-09-21,5939.6638,9970952900.0
000852.XSHG,2023-09-22,6054.9279,13355677200.0
000852.XSHG,2023-09-25,6027.3938,12953261200.0
000852.XSHG,2023-09-26,5996.1104,11406156300.0
000852.XSHG,2023-09-27,6034.0605,12166233000.0
000852.XSHG,2023-09-28,6078.9449,12775925600.0
000852.XSHG,2023-10-09,6059.9651,13675596400.0
000852.XSHG,2023-10-10,6043.4816,14081531200.0
000852.XSHG,2023-10-11,6059.4014,14360113000.0
000852.XSHG,2023-10-12,6104.4558,14545282400.0
000852.XSHG,2023-10-13,6081.8658,14411508900.0
000852.XSHG,2023-10-16,6024.3594,16445921700.0
000852.XSHG,2023-10-17,6011.3698,13942123400.0
000852.XSHG,2023-10-18,5908.0077,14506515300.0
000852.XSHG,2023-10-19,5842.8915,15549780100.0
000852.XSHG,2023-10-20,5774.32,13896434900.0
000852.XSHG,2023-10-23,5638.1362,14584585400.0
000852.XSHG,2023-10-24,5719.3227,15155306600.0
000852.XSHG,2023-10-25,5778.9048,16359732600.0
000852.XSHG,2023-10-26,5811.6917,15727583200.0
000852.XSHG,2023-10-27,5916.6783,17217964600.0
000852.XSHG,2023-10-30,6006.5591,17928105200.0
000852.XSHG,2023-10-31,5969.3413,16531844100.0
000852.XSHG,2023-11-01,5958.4178,14745112800.0
000852.XSHG,2023-11-02,5885.2468,14014441200.0
000852.XSHG,2023-11-03,5973.167,14612020600.0
000852.XSHG,2023-11-06,6096.5695,18660314600.0
000852.XSHG,2023-11-07,6116.7569,17394670700.0
000852.XSHG,2023-11-08,6138.9377,18396408800.0
000852.XSHG,2023-11-09,6100.6929,16224431900.0
000852.XSHG,2023-11-10,6088.5583,14156760500.0
000852.XSHG,2023-11-13,6144.6346,15035960600.0
000852.XSHG,2023-11-14,6181.9796,16017236300.0
000852.XSHG,2023-11-15,6207.2678,16761318800.0
000852.XSHG,2023-11-16,6145.1505,14368211600.0
000852.XSHG,2023-11-17,6199.2278,14598965800.0
000852.XSHG,2023-11-20,6253.2756,16024627100.0
000852.XSHG,2023-11-21,6212.125,17615066500.0
000852.XSHG,2023-11-22,6132.9704,17118316300.0
000852.XSHG,2023-11-23,6197.5257,15210718300.0
000852.XSHG,2023-11-24,6115.4072,14981599200.0
000852.XSHG,2023-11-27,6111.3644,15443307700.0
000852.XSHG,2023-11-28,6143.3015,12836813300.0
000852.XSHG,2023-11-29,6113.366,13564395200.0
000852.XSHG,2023-11-30,6080.547,13103299900.0
000852.XSHG,2023-12-01,6130.051,14535274400.0
000852.XSHG,2023-12-04,6114.3926,15341436500.0
000852.XSHG,2023-12-05,5992.6003,14277542700.0
000852.XSHG,2023-12-06,6023.8036,14432062400.0
000852.XSHG,2023-12-07,6020.8304,14853662700.0
000852.XSHG,2023-12-08,6003.1435,16797128200.0
000852.XSHG,2023-12-11,6075.0796,15984343600.0
000852.XSHG,2023-12-12,6078.9899,12971208800.0
000852.XSHG,2023-12-13,6019.5531,12254715000.0
000852.XSHG,2023-12-14,5991.8623,12019938200.0
000852.XSHG,2023-12-15,5951.6003,12371010000.0
000852.XSHG,2023-12-18,5857.0052,12525942300.0
000852.XSHG,2023-12-19,5863.5419,11168267500.0
000852.XSHG,2023-12-20,5761.3123,11163005300.0
000852.XSHG,2023-12-21,5798.912,12494910000.0
000852.XSHG,2023-12-22,5733.9089,14116708500.0
000852.XSHG,2023-12-25,5735.7256,10963896300.0
000852.XSHG,2023-12-26,5651.5883,10406327600.0
000852.XSHG,2023-12-27,5696.1606,10826535400.0
000852.XSHG,2023-12-28,5805.5271,14413438300.0
000852.XSHG,2023-12-29,5887.235,13469077800.0
000852.XSHG,2024-01-02,5854.7494,12837767000.0
000852.XSHG,2024-01-03,5824.0428,11924892500.0
000852.XSHG,2024-01-04,5783.0155,10295253400.0
000852.XSHG,2024-01-05,5675.8091,11920519700.0
000852.XSHG,2024-01-08,5543.5745,11051272600.0
000852.XSHG,2024-01-09,5553.3035,11022322300.0
000852.XSHG,2024-01-10,5512.0686,10649944600.0
000852.XSHG,2024-01-11,5611.1149,12471774900.0
000852.XSHG,2024-01-12,5574.4926,12106688100.0
000852.XSHG,2024-01-15,5559.376,10866718400.0
000852.XSHG,2024-01-16,5539.4741,11680310800.0
000852.XSHG,2024-01-17,5389.1216,10403735400.0
000852.XSHG,2024-01-18,5373.4239,14871103600.0
000852.XSHG,2024-01-19,5306.9862,10643108600.0
000852.XSHG,2024-01-22,5000.8336,14425251200.0
000852.XSHG,2024-01-23,5079.6315,13028824100.0
000852.XSHG,2024-01-24,5143.4078,14332644100.0
000852.XSHG,2024-01-25,5316.195,16314491700.0
000852.XSHG,2024-01-26,5269.7646,15541566100.0
000852.XSHG,2024-01-29,5131.2465,15000089200.0
000852.XSHG,2024-01-30,4984.6598,12501506900.0
000852.XSHG,2024-01-31,4785.032,15823715500.0
000852.XSHG,2024-02-01,4750.4439,14711551600.0
000852.XSHG,2024-02-02,4574.6692,17688543500.0
000852.XSHG,2024-02-05,4293.0695,21127433000.0
000852.XSHG,2024-02-06,4592.4444,21018741000.0
000852.XSHG,2024-02-07,4797.8456,21621331700.0
000852.XSHG,2024-02-08,4993.1046,21762005900.0
000852.XSHG,2024-02-19,5029.5861,20387099600.0
000852.XSHG,2024-02-20,5046.0121,15434428500.0
000852.XSHG,2024-02-21,5073.4821,19328052700.0
000852.XSHG,2024-02-22,5151.5343,15306429500.0
000852.XSHG,2024-02-23,5225.6697,17121369300.0
000852.XSHG,2024-02-26,5255.3962,18447164300.0
000852.XSHG,2024-02-27,5394.0342,18262237200.0
000852.XSHG,2024-02-28,5152.0519,26074238200.0
000852.XSHG,2024-02-29,5344.6052,18803623800.0
000852.XSHG,2024-03-01,5401.9394,18443648700.0
000852.XSHG,2024-03-04,5428.3356,17930820500.0
000852.XSHG,2024-03-05,5375.1317,17416691100.0
000852.XSHG,2024-03-06,5381.4587,15468437100.0
000852.XSHG,2024-03-07,5303.2766,16102386000.0
000852.XSHG,2024-03-08,5370.3719,13913089500.0
000852.XSHG,2024-03-11,5466.6455,16413344200.0
000852.XSHG,2024-03-12,5496.3553,18398414000.0
000852.XSHG,2024-03-13,5521.7838,18127080700.0
000852.XSHG,2024-03-14,5486.6461,16894817200.0
000852.XSHG,2024-03-15,5555.6442,16109584100.0
000852.XSHG,2024-03-18,5648.0117,19341951700.0
000852.XSHG,2024-03-19,5607.4754,18111809600.0
000852.XSHG,2024-03-20,5659.1539,17930765400.0
000852.XSHG,2024-03-21,5658.2794,19433294600.0
000852.XSHG,2024-03-22,5595.8848,21025432700.0
000852.XSHG,2024-03-25,5466.0615,20470538200.0
000852.XSHG,2024-03-26,5447.7484,18318068400.0
000852.XSHG,2024-03-27,5266.2306,17917350400.0
000852.XSHG,2024-03-28,5382.2363,17859873500.0
000852.XSHG,2024-03-29,5441.2603,16865343100.0
000852.XSHG,2024-04-01,5559.0557,19102570700.0
000852.XSHG,2024-04-02,5531.0522,19609745900.0
000852.XSHG,2024-04-03,5500.9264,18629106600.0
000852.XSHG,2024-04-08,5399.9148,18657335900.0
000852.XSHG,2024-04-09,5468.9109,15920115900.0
000852.XSHG,2024-04-10,5367.0518,16745949300.0
000852.XSHG,2024-04-11,5379.9153,16514370000.0
000852.XSHG,2024-04-12,5338.7692,15717452200.0
000852.XSHG,2024-04-15,5287.5115,20171102800.0
000852.XSHG,2024-04-16,5066.6599,20717194000.0
000852.XSHG,2024-04-17,5287.4563,19007939500.0
000852.XSHG,2024-04-18,5286.7192,18822505800.0
000852.XSHG,2024-04-19,5264.3891,17887021100.0
000852.XSHG,2024-04-22,5246.0818,16776222900.0
000852.XSHG,2024-04-23,5218.4277,15685139400.0
000852.XSHG,2024-04-24,5305.6068,16266674900.0
000852.XSHG,2024-04-25,5313.986,15783124800.0
000852.XSHG,2024-04-26,5415.9379,21088692700.0
000852.XSHG,2024-04-29,5545.2346,24143974400.0
000852.XSHG,2024-04-30,5497.4303,20490974300.0
000852.XSHG,2024-05-06,5606.8416,20517402800.0
000852.XSHG,2024-05-07,5625.3358,18562254000.0
000852.XSHG,2024-05-08,5536.6589,17573098800.0
000852.XSHG,2024-05-09,5626.8251,17267826100.0
000852.XSHG,2024-05-10,5574.232,18837704400.0
000852.XSHG,2024-05-13,5520.8038,18030863900.0
000852.XSHG,2024-05-14,5551.6751,16958506700.0
000852.XSHG,2024-05-15,5497.2349,16330459800.0
000852.XSHG,2024-05-16,5488.946,16979800200.0
000852.XSHG,2024-05-17,5563.231,18287308100.0
000852.XSHG,2024-05-20,5596.7772,19747644100.0
000852.XSHG,2024-05-21,5536.7447,17295988000.0
000852.XSHG,2024-05-22,5539.6597,16800299300.0
000852.XSHG,2024-05-23,5412.8237,17580671000.0
000852.XSHG,2024-05-24,5350.1073,15105011400.0
000852.XSHG,2024-05-27,5404.6158,15140911400.0
000852.XSHG,2024-05-28,5348.0293,14845805000.0
000852.XSHG,2024-05-29,5351.2524,14269866300.0
000852.XSHG,2024-05-30,5334.2958,14132317100.0
000852.XSHG,2024-05-31,5355.2099,13673513700.0
000852.XSHG,2024-06-03,5284.6236,16338815200.0
000852.XSHG,2024-06-04,5313.708,14512777700.0
000852.XSHG,2024-06-05,5244.0851,13214350400.0
000852.XSHG,2024-06-06,5130.8693,16979325500.0
000852.XSHG,2024-06-07,5153.5867,13032020200.0
000852.XSHG,2024-06-11,5198.923,12853390400.0
000852.XSHG,2024-06-12,5216.4621,12165075200.0
000852.XSHG,2024-06-13,5180.2357,13117250700.0
000852.XSHG,2024-06-14,5180.6513,13913297800.0
000852.XSHG,2024-06-17,5183.9678,12461637200.0
000852.XSHG,2024-06-18,5227.2542,13546066300.0
000852.XSHG,2024-06-19,5159.9945,12580622900.0
000852.XSHG,2024-06-20,5056.1383,14150084500.0
000852.XSHG,2024-06-21,5055.3329,11120168900.0
000852.XSHG,2024-06-24,4887.777,12891516300.0
000852.XSHG,2024-06-25,4847.6106,11259330000.0
000852.XSHG,2024-06-26,4986.3839,13802752900.0
000852.XSHG,2024-06-27,4864.0855,12164291100.0
000852.XSHG,2024-06-28,4895.9869,13456779600.0
000852.XSHG,2024-07-01,4940.2471,12921932500.0
000852.XSHG,2024-07-02,4905.6497,11882798600.0
000852.XSHG,2024-07-03,4867.1326,10230030100.0
000852.XSHG,2024-07-04,4761.868,12120225700.0
000852.XSHG,2024-07-05,4810.7939,11060246700.0
000852.XSHG,2024-07-08,4693.9648,12354877500.0
000852.XSHG,2024-07-09,4797.0634,14851118700.0
000852.XSHG,2024-07-10,4777.6817,13840154300.0
000852.XSHG,2024-07-11,4893.5942,15319046900.0
000852.XSHG,2024-07-12,4878.0195,13085417900.0
000852.XSHG,2024-07-15,4827.6023,12641301700.0
000852.XSHG,2024-07-16,4836.7184,12089150200.0
000852.XSHG,2024-07-17,4795.6236,12042511600.0
000852.XSHG,2024-07-18,4812.4263,12172778100.0
000852.XSHG,2024-07-19,4821.4227,11264795500.0
000852.XSHG,2024-07-22,4826.8713,11073212100.0
000852.XSHG,2024-07-23,4694.9525,12049520100.0
000852.XSHG,2024-07-24,4631.0111,12109198000.0
000852.XSHG,2024-07-25,4632.5667,10853045800.0
000852.XSHG,2024-07-26,4702.08,11069103300.0
000852.XSHG,2024-07-29,4685.6457,10931960500.0
000852.XSHG,2024-07-30,4702.4914,11231559400.0
000852.XSHG,2024-07-31,4889.0807,17376194200.0
000852.XSHG,2024-08-01,4878.289,14642142100.0
000852.XSHG,2024-08-02,4809.8891,13798976700.0
000852.XSHG,2024-08-05,4678.7753,15284748500.0
000852.XSHG,2024-08-06,4749.9466,12709764100.0
000852.XSHG,2024-08-07,4743.41,11261928400.0
000852.XSHG,2024-08-08,4739.4933,12674657200.0
000852.XSHG,2024-08-09,4702.7453,11566533800.0
000852.XSHG,2024-08-12,4674.1017,10766524500.0
000852.XSHG,2024-08-13,4697.5858,10020724800.0
000852.XSHG,2024-08-14,4649.2784,9991137300.0
000852.XSHG,2024-08-15,4691.8503,12990065000.0
000852.XSHG,2024-08-16,4655.6509,12261254100.0
000852.XSHG,2024-08-19,4663.6121,11994224400.0
000852.XSHG,2024-08-20,4579.3041,12997965500.0
000852.XSHG,2024-08-21,4548.2644,10816431500.0
000852.XSHG,2024-08-22,4491.8392,11346933000.0
000852.XSHG,2024-08-23,4495.3439,11025472000.0
000852.XSHG,2024-08-26,4512.893,11227184300.0
000852.XSHG,2024-08-27,4459.6801,11393952000.0
000852.XSHG,2024-08-28,4470.5501,10790317700.0
000852.XSHG,2024-08-29,4542.4637,12978875300.0
000852.XSHG,2024-08-30,4629.3195,17783861600.0
000852.XSHG,2024-09-02,4532.5145,15592727400.0
000852.XSHG,2024-09-03,4572.397,12895246200.0
000852.XSHG,2024-09-04,4550.7697,12287165700.0
000852.XSHG,2024-09-05,4586.7813,12120919400.0
000852.XSHG,2024-09-06,4508.2281,12721773300.0
000852.XSHG,2024-09-09,4475.5315,11328492700.0
000852.XSHG,2024-09-10,4487.5755,13235158500.0
000852.XSHG,2024-09-11,4486.0066,11395397200.0
000852.XSHG,2024-09-12,4468.7439,11873118700.0
000852.XSHG,2024-09-13,4413.1872,11682728700.0
000852.XSHG,2024-09-18,4399.1332,11355207800.0
000852.XSHG,2024-09-19,4482.2746,14574716000.0
000852.XSHG,2024-09-20,4463.3561,12748017700.0
000852.XSHG,2024-09-23,4469.1326,12494506600.0
000852.XSHG,2024-09-24,4642.5577,21578253100.0
000852.XSHG,2024-09-25,4686.2584,26424073100.0
000852.XSHG,2024-09-26,4874.1321,25397782900.0
000852.XSHG,2024-09-27,5136.4408,29068169400.0
000852.XSHG,2024-09-30,5708.8258,47143285200.0
000852.XSHG,2024-10-08,6201.9854,55059079200.0
000852.XSHG,2024-10-09,5727.38,45809421200.0
000852.XSHG,2024-10-10,5654.5298,34962801200.0
000852.XSHG,2024-10-11,5416.7576,27999264600.0
000852.XSHG,2024-10-14,5615.7563,28114440500.0
000852.XSHG,2024-10-15,5507.1758,29751709500.0
000852.XSHG,2024-10-16,5524.2546,24852031900.0
000852.XSHG,2024-10-17,5505.6149,27639748600.0
000852.XSHG,2024-10-18,5749.4341,35971903900.0
000852.XSHG,2024-10-21,5860.5711,35506109500.0
000852.XSHG,2024-10-22,5888.8148,34729862800.0
000852.XSHG,2024-10-23,5903.5783,33375377200.0
000852.XSHG,2024-10-24,5861.6319,26414947600.0
000852.XSHG,2024-10-25,5974.9086,30682066500.0
000852.XSHG,2024-10-28,6082.0877,32672293800.0
000852.XSHG,2024-10-29,5983.8364,36932529900.0
000852.XSHG,2024-10-30,6019.3472,32438018600.0
000852.XSHG,2024-10-31,6116.6632,38611948500.0
000852.XSHG,2024-11-01,5930.2319,40933827600.0
000852.XSHG,2024-11-04,6053.1116,29563714700.0
000852.XSHG,2024-11-05,6266.5423,39014253100.0
000852.XSHG,2024-11-06,6293.1933,42425010100.0
000852.XSHG,2024-11-07,6403.9175,40857165200.0
000852.XSHG,2024-11-08,6423.1217,45179630800.0
000852.XSHG,2024-11-11,6579.0054,40243625500.0
000852.XSHG,2024-11-12,6491.9723,40071524400.0
000852.XSHG,2024-11-13,6474.3941,31748592800.0
000852.XSHG,2024-11-14,6272.1911,29479471800.0
000852.XSHG,2024-11-15,6125.5126,29519163400.0
000852.XSHG,2024-11-18,5974.5576,32267260800.0
000852.XSHG,2024-11-19,6130.2848,27316752600.0
000852.XSHG,2024-11-20,6250.8029,29997582100.0
000852.XSHG,2024-11-21,6262.1644,29965511100.0
000852.XSHG,2024-11-22,6030.4882,34212911700.0
000852.XSHG,2024-11-25,6052.1287,27764677600.0
000852.XSHG,2024-11-26,5981.5699,24440411200.0
000852.XSHG,2024-11-27,6118.6636,29094626700.0
000852.XSHG,2024-11-28,6086.0852,30123556000.0
000852.XSHG,2024-11-29,6189.1276,32476269100.0
000852.XSHG,2024-12-02,6313.6077,35402806600.0
000852.XSHG,2024-12-03,6303.2758,32665236300.0
000852.XSHG,2024-12-04,6204.9448,29920209800.0
000852.XSHG,2024-12-05,6285.6007,28853561700.0
000852.XSHG,2024-12-06,6349.6211,34903096300.0
000852.XSHG,2024-12-09,6303.2721,29377328700.0
000852.XSHG,2024-12-10,6362.0203,37420920600.0
000852.XSHG,2024-12-11,6447.3744,33135195600.0
000852.XSHG,2024-12-12,6490.1455,34232605300.0
000852.XSHG,2024-12-13,6354.9883,36198551300.0
000852.XSHG,2024-12-16,6277.5162,31021517300.0
000852.XSHG,2024-12-17,6143.9436,27479395900.0
000852.XSHG,2024-12-18,6195.8677,24802412200.0
000852.XSHG,2024-12-19,6207.1862,25148792400.0
000852.XSHG,2024-12-20,6271.7532,24365908500.0
000852.XSHG,2024-12-23,6096.3813,25847497500.0
000852.XSHG,2024-12-24,6164.3605,21601091800.0
000852.XSHG,2024-12-25,6094.6866,21902703200.0
000852.XSHG,2024-12-26,6160.4518,20691673900.0
000852.XSHG,2024-12-27,6171.5653,23784155400.0
000852.XSHG,2024-12-30,6145.928,20771244800.0
000852.XSHG,2024-12-31,5957.7172,23799003200.0
000852.XSHG,2025-01-02,5797.089,24412560600.0
000852.XSHG,2025-01-03,5625.209,23709321100.0
000852.XSHG,2025-01-06,5608.0344,20304767600.0
000852.XSHG,2025-01-07,5692.041,19391245000.0
000852.XSHG,2025-01-08,5661.7793,22580083000.0
000852.XSHG,2025-01-09,5672.7796,19332042100.0
000852.XSHG,2025-01-10,5544.9158,19801487700.0
000852.XSHG,2025-01-13,5559.4725,16930919000.0
000852.XSHG,2025-01-14,5811.0545,23577286900.0
000852.XSHG,2025-01-15,5775.5709,20429032500.0
000852.XSHG,2025-01-16,5801.3051,21637323900.0
000852.XSHG,2025-01-17,5841.5718,19681796700.0
000852.XSHG,2025-01-20,5879.1495,19843078300.0
000852.XSHG,2025-01-21,5908.0234,19912783400.0
000852.XSHG,2025-01-22,5855.7393,18029676000.0
000852.XSHG,2025-01-23,5829.0329,22285575300.0
000852.XSHG,2025-01-24,5938.1301,20809044500.0
000852.XSHG,2025-01-27,5846.0686,18864620000.0
000852.XSHG,2025-02-05,5881.4366,21200531000.0
000852.XSHG,2025-02-06,6041.8337,25599851100.0
000852.XSHG,2025-02-07,6134.0545,32395283500.0
000852.XSHG,2025-02-10,6210.5471,29782593200.0
000852.XSHG,2025-02-11,6190.1739,28827157600.0
000852.XSHG,2025-02-12,6284.6107,28134276500.0
000852.XSHG,2025-02-13,6212.4968,31298493500.0
000852.XSHG,2025-02-14,6248.8345,29800584900.0
000852.XSHG,2025-02-17,6281.5658,32373433700.0
000852.XSHG,2025-02-18,6142.138,30015933000.0
000852.XSHG,2025-02-19,6288.529,27292011400.0
000852.XSHG,2025-02-20,6334.4143,28811019800.0
000852.XSHG,2025-02-21,6449.2279,32726377100.0
000852.XSHG,2025-02-24,6464.0235,31846116100.0
000852.XSHG,2025-02-25,6435.4284,29536637200.0
000852.XSHG,2025-02-26,6524.4057,30317641300.0
000852.XSHG,2025-02-27,6499.5301,31196410100.0
000852.XSHG,2025-02-28,6270.4186,29555967500.0
000852.XSHG,2025-03-03,6273.6699,26694541200.0
000852.XSHG,2025-03-04,6357.6277,22954848600.0
000852.XSHG,2025-03-05,6398.237,23896184700.0
000852.XSHG,2025-03-06,6534.9711,30055477000.0
000852.XSHG,2025-03-07,6507.7645,30888880700.0
000852.XSHG,2025-03-10,6520.9725,25652211300.0
000852.XSHG,2025-03-11,6551.7341,25245521600.0
000852.XSHG,2025-03-12,6566.9679,28170557600.0
000852.XSHG,2025-03-13,6466.8509,26682567700.0
000852.XSHG,2025-03-14,6571.1707,27632999400.0
000852.XSHG,2025-03-17,6589.5655,25208084100.0
000852.XSHG,2025-03-18,6611.9263,23472656300.0
000852.XSHG,2025-03-19,6564.6767,21966299900.0
000852.XSHG,2025-03-20,6535.0624,23190747700.0
000852.XSHG,2025-03-21,6405.611,25620533500.0
000852.XSHG,2025-03-24,6360.3412,25768458300.0
000852.XSHG,2025-03-25,6310.7641,23166378100.0
000852.XSHG,2025-03-26,6334.9077,20667951300.0
000852.XSHG,2025-03-27,6328.7665,19889470400.0
000852.XSHG,2025-03-28,6268.3214,19655352800.0
000852.XSHG,2025-03-31,6226.6488,20738202700.0
000852.XSHG,2025-04-01,6259.4838,18233221700.0
000852.XSHG,2025-04-02,6277.2533,15926642500.0
000852.XSHG,2025-04-03,6203.257,18369963000.0
000852.XSHG,2025-04-07,5496.4427,27721482900.0
000852.XSHG,2025-04-08,5530.0189,30970151600.0
000852.XSHG,2025-04-09,5652.3303,30572403900.0
000852.XSHG,2025-04-10,5784.5853,27416184900.0
000852.XSHG,2025-04-11,5862.1876,22213916200.0
000852.XSHG,2025-04-14,5938.5262,21658114100.0
000852.XSHG,2025-04-15,5914.0286,18304784800.0
000852.XSHG,2025-04-16,5835.348,19042390100.0
000852.XSHG,2025-04-17,5839.5639,17319670800.0
000852.XSHG,2025-04-18,5831.6869,16444460300.0
000852.XSHG,2025-04-21,5952.6374,19271150000.0
000852.XSHG,2025-04-22,5949.3123,20645707400.0
000852.XSHG,2025-04-23,5984.5833,21819615600.0
000852.XSHG,2025-04-24,5920.4776,19979656400.0
000852.XSHG,2025-04-25,5939.5021,19808766000.0
000852.XSHG,2025-04-28,5877.0566,19495089100.0
000852.XSHG,2025-04-29,5903.3812,18602339400.0
000852.XSHG,2025-04-30,5950.1169,19545899800.0
000852.XSHG,2025-05-06,6102.9221,22020962300.0
000852.XSHG,2025-05-07,6111.4946,23392295100.0
000852.XSHG,2025-05-08,6158.0774,20391582600.0
000852.XSHG,2025-05-09,6082.0817,18922128700.0
000852.XSHG,2025-05-12,6167.4606,19684721000.0
000852.XSHG,2025-05-13,6151.0098,20327421700.0
000852.XSHG,2025-05-14,6160.3697,21155908300.0
000852.XSHG,2025-05-15,6057.0357,19052381400.0
000852.XSHG,2025-05-16,6068.1165,17639475900.0
000852.XSHG,2025-05-19,6095.3369,18471299000.0
000852.XSHG,2025-05-20,6146.0166,19295729400.0
000852.XSHG,2025-05-21,6132.1809,19655084200.0
000852.XSHG,2025-05-22,6066.1031,18639573700.0
000852.XSHG,2025-05-23,5989.6752,18492377400.0
000852.XSHG,2025-05-26,6028.7861,15598879400.0
000852.XSHG,2025-05-27,6008.4599,15794575800.0
000852.XSHG,2025-05-28,5984.4557,15910549400.0
000852.XSHG,2025-05-29,6089.5778,18937646600.0
000852.XSHG,2025-05-30,6026.5603,18691867100.0
000852.XSHG,2025-06-03,6070.0368,19176467200.0
000852.XSHG,2025-06-04,6123.172,18695585000.0
000852.XSHG,2025-06-05,6167.0149,20607791900.0
000852.XSHG,2025-06-06,6152.8446,17833958200.0
000852.XSHG,2025-06-09,6218.9637,19328363200.0
000852.XSHG,2025-06-10,6161.6919,22006048500.0
000852.XSHG,2025-06-11,6186.5122,19764358000.0
000852.XSHG,2025-06-12,6192.22,19701874900.0
000852.XSHG,2025-06-13,6106.0083,23688954700.0
000852.XSHG,2025-06-16,6147.46,19731093300.0
000852.XSHG,2025-06-17,6141.4684,20842728000.0
000852.XSHG,2025-06-18,6135.3858,20410575500.0
000852.XSHG,2025-06-19,6048.2243,21221733600.0
000852.XSHG,2025-06-20,5999.5914,18085734200.0
000852.XSHG,2025-06-23,6078.2224,19355849000.0
000852.XSHG,2025-06-24,6194.666,23345340300.0
000852.XSHG,2025-06-25,6276.1634,24755632500.0
000852.XSHG,2025-06-26,6247.791,25424649500.0
000852.XSHG,2025-06-27,6276.9373,24856335200.0
000852.XSHG,2025-06-30,6356.1813,23732297300.0
000852.XSHG,2025-07-01,6373.7679,24353733000.0
000852.XSHG,2025-07-02,6309.4837,23858090300.0
000852.XSHG,2025-07-03,6342.638,21398076500.0
000852.XSHG,2025-07-04,6312.1966,23813321000.0
